order_id,rating,num_items,priority,is_returned,weekday
1,1,2,3,1,3
2,5,4,1,1,3
3,4,1,2,0,1
4,2,2,3,1,2
5,4,4,1,1,7
6,1,2,1,0,6
7,3,10,1,1,2
8,1,9,3,0,7
9,2,5,1,0,4
10,1,4,3,1,3
11,3,10,2,1,1
12,2,6,1,1,2
13,3,9,3,0,7
14,3,8,1,0,7
15,5,1,1,1,3
16,1,2,2,0,1
17,1,10,2,1,1
18,2,8,2,0,7
19,3,8,2,1,4
20,1,6,2,1,4
21,2,6,2,1,1
22,3,3,1,1,4
23,3,1,2,1,6
24,5,7,1,1,3
25,3,2,3,0,4
26,4,2,1,1,5
27,5,2,2,0,3
28,5,1,1,1,6
29,3,6,2,0,5
30,2,7,2,1,7
31,3,1,2,1,6
32,3,2,2,1,6
33,2,10,2,0,6
34,4,8,3,0,5
35,5,1,3,1,7
36,1,2,2,0,2
37,4,9,3,1,7
38,2,7,3,1,5
39,4,1,2,0,3
40,1,7,3,0,3
41,2,1,2,1,6
42,5,2,2,0,1
43,4,9,1,1,2
44,4,6,3,1,2
45,2,10,3,1,4
46,4,2,3,0,3
47,3,2,2,0,3
48,1,1,2,1,1
49,1,8,2,0,6
50,5,1,1,1,4
51,5,5,1,1,3
52,3,8,2,0,5
53,4,8,2,0,4
54,4,8,1,0,5
55,2,3,3,0,3
56,5,2,2,0,1
57,5,3,1,1,2
58,4,3,3,1,5
59,4,9,1,0,4
60,4,5,3,0,5
61,5,2,1,0,3
62,5,10,2,1,6
63,4,7,3,0,1
64,2,3,2,1,7
65,2,1,3,0,4
66,1,1,3,0,2
67,3,8,3,0,7
68,1,7,3,0,6
69,1,7,3,0,4
70,1,4,2,1,5
71,3,10,1,1,1
72,4,8,2,0,4
73,4,3,3,1,7
74,3,9,2,0,4
75,1,3,2,0,7
76,4,9,2,0,2
77,1,10,1,0,3
78,3,6,1,0,4
79,5,5,1,1,5
80,4,4,3,1,1
81,5,4,3,1,1
82,1,1,3,0,4
83,4,6,3,1,5
84,3,4,3,0,1
85,1,5,2,0,2
86,3,7,1,1,1
87,4,5,3,0,4
88,3,10,1,1,3
89,4,10,1,1,6
90,5,4,1,1,4
91,1,3,2,0,2
92,4,7,2,1,1
93,2,1,3,0,3
94,1,2,3,1,4
95,3,5,2,0,5
96,5,1,3,1,2
97,4,5,1,1,2
98,5,3,3,1,7
99,1,8,1,1,3
100,2,3,1,1,6
101,2,9,2,0,3
102,3,1,1,0,3
103,2,5,2,0,1
104,4,9,3,1,6
105,3,1,3,1,1
106,2,10,3,0,5
107,3,2,3,0,3
108,1,5,1,0,1
109,1,8,2,0,3
110,3,2,2,1,5
111,5,4,1,0,4
112,4,10,1,1,5
113,5,10,2,1,2
114,5,8,3,0,1
115,5,3,3,1,2
116,2,10,1,1,1
117,3,7,1,1,7
118,1,8,1,0,3
119,1,4,2,0,5
120,3,10,1,0,6
121,3,9,1,0,4
122,4,10,2,0,4
123,3,4,2,1,6
124,2,2,3,1,6
125,3,10,2,1,4
126,5,2,2,0,7
127,5,10,2,0,3
128,4,4,3,0,5
129,4,10,3,1,4
130,2,4,3,0,2
131,2,1,2,0,7
132,2,4,1,0,1
133,5,7,1,0,3
134,1,10,3,0,4
135,1,5,1,0,7
136,3,4,3,1,4
137,4,9,2,1,1
138,4,3,2,0,6
139,2,8,2,1,6
140,5,10,2,1,2
141,4,9,1,1,2
142,4,4,3,0,7
143,5,9,1,0,2
144,1,10,2,0,1
145,5,10,3,0,3
146,4,8,1,1,3
147,1,9,3,1,2
148,1,1,3,1,7
149,2,7,2,0,5
150,1,7,3,1,1
151,1,7,2,0,2
152,4,10,1,1,6
153,2,6,1,1,4
154,3,9,1,1,5
155,1,8,3,0,2
156,3,2,3,1,5
157,4,1,1,0,1
158,5,1,3,0,3
159,5,1,3,1,6
160,3,5,3,1,5
161,5,1,2,0,2
162,3,7,2,1,6
163,4,3,2,0,2
164,1,4,1,0,4
165,4,7,2,0,3
166,5,10,2,1,2
167,1,9,2,0,7
168,2,8,3,0,6
169,3,4,2,0,2
170,4,9,3,1,1
171,3,2,2,1,4
172,5,2,1,1,2
173,1,5,1,0,7
174,4,6,2,0,3
175,4,10,3,1,6
176,3,4,1,0,4
177,5,3,2,0,6
178,1,6,3,1,4
179,4,3,1,1,7
180,1,8,3,1,6
181,4,5,1,0,3
182,4,8,2,1,4
183,2,2,3,1,5
184,3,7,2,0,3
185,3,5,1,1,3
186,5,7,2,1,2
187,5,3,3,0,4
188,2,3,3,1,4
189,5,5,1,1,6
190,1,2,2,1,1
191,2,9,1,1,6
192,2,9,2,0,2
193,5,3,1,1,2
194,2,6,3,1,4
195,5,7,1,1,4
196,1,1,1,1,4
197,3,8,2,0,5
198,3,4,2,0,6
199,3,10,1,1,2
200,4,4,3,1,1
201,4,1,1,0,2
202,4,7,2,1,6
203,1,10,2,0,3
204,5,1,3,0,1
205,1,10,1,1,4
206,3,10,2,1,3
207,3,4,1,0,1
208,4,9,2,1,2
209,4,5,3,0,7
210,1,6,1,0,3
211,5,10,3,1,6
212,2,1,2,0,2
213,1,7,2,1,7
214,4,10,1,0,6
215,4,1,3,1,7
216,1,2,2,0,2
217,3,1,3,0,3
218,1,1,2,1,2
219,2,8,2,1,2
220,3,10,3,1,7
221,4,6,1,1,6
222,3,1,2,0,3
223,4,8,3,1,1
224,1,7,1,0,5
225,3,10,2,0,6
226,5,9,3,1,3
227,3,10,3,1,3
228,5,3,1,1,6
229,1,6,2,0,7
230,5,3,1,0,7
231,1,7,2,0,1
232,2,3,3,1,4
233,3,5,3,1,2
234,2,3,3,1,3
235,4,9,2,1,6
236,3,1,2,1,4
237,2,5,3,1,6
238,3,10,2,0,7
239,5,4,3,1,1
240,5,1,2,1,6
241,1,1,1,1,5
242,3,5,1,0,5
243,5,4,1,1,6
244,3,3,1,0,5
245,2,7,2,1,5
246,4,1,1,1,5
247,5,2,1,1,6
248,3,8,3,0,3
249,5,5,1,1,6
250,3,7,2,0,6
251,2,4,2,0,3
252,3,1,3,1,6
253,1,9,1,1,7
254,2,2,3,0,5
255,3,10,3,1,2
256,3,8,3,1,7
257,3,10,1,1,2
258,1,3,3,0,1
259,1,2,1,1,3
260,2,2,3,0,3
261,3,5,2,0,7
262,4,8,1,1,1
263,3,1,2,0,5
264,3,1,3,1,2
265,4,4,1,1,4
266,2,5,3,0,2
267,4,6,2,0,1
268,4,10,3,0,3
269,4,1,2,0,4
270,5,9,2,1,6
271,3,3,3,0,5
272,5,10,2,0,4
273,5,2,3,1,3
274,3,5,1,0,5
275,3,8,3,0,5
276,2,7,1,0,1
277,4,6,1,1,5
278,5,6,1,1,3
279,4,9,3,1,1
280,3,6,3,0,2
281,2,2,3,1,5
282,2,2,3,0,6
283,3,8,2,1,1
284,5,7,3,0,7
285,4,7,2,0,2
286,1,1,1,0,2
287,4,9,2,1,6
288,5,10,2,1,1
289,1,6,1,0,3
290,2,9,3,0,7
291,4,4,1,0,3
292,2,8,2,0,2
293,5,8,3,0,6
294,4,5,3,1,7
295,2,3,2,1,3
296,2,2,1,1,2
297,3,4,3,1,2
298,1,8,2,1,5
299,2,2,2,1,3
300,5,5,1,1,6
301,3,6,3,1,2
302,3,4,3,1,1
303,5,3,2,1,6
304,1,6,2,0,6
305,4,9,2,0,6
306,4,1,2,0,5
307,2,6,1,0,7
308,1,4,1,1,4
309,2,1,2,1,5
310,1,5,2,1,4
311,4,2,3,1,7
312,4,8,3,1,7
313,1,2,3,1,1
314,3,4,2,0,7
315,1,1,1,1,6
316,3,6,2,1,6
317,3,8,2,1,7
318,4,6,3,1,2
319,2,10,3,1,4
320,3,2,1,1,1
321,4,9,2,0,7
322,2,4,1,0,5
323,3,7,3,0,1
324,3,8,3,0,7
325,4,2,2,1,2
326,4,4,1,1,2
327,3,3,3,0,4
328,5,2,3,1,2
329,5,4,1,1,1
330,3,1,2,0,7
331,1,7,2,0,4
332,5,1,1,1,7
333,4,1,2,0,3
334,1,2,2,1,4
335,5,7,3,0,1
336,5,10,2,1,4
337,1,10,3,1,6
338,1,9,2,1,5
339,4,2,1,0,5
340,5,4,1,1,5
341,5,5,3,1,4
342,5,9,3,0,3
343,2,8,2,1,5
344,4,9,3,1,2
345,4,5,3,0,6
346,2,1,1,1,1
347,3,5,2,1,5
348,3,1,1,0,7
349,2,7,2,0,6
350,1,2,2,1,4
351,5,2,2,0,5
352,2,9,1,1,7
353,4,5,3,0,6
354,2,8,1,1,7
355,3,1,3,1,6
356,2,4,3,0,3
357,5,7,3,0,4
358,5,2,1,0,6
359,5,2,2,0,5
360,1,4,2,0,1
361,3,8,3,0,3
362,4,5,2,1,1
363,3,9,1,1,1
364,5,4,3,1,2
365,4,9,3,0,7
366,1,10,3,0,4
367,5,10,1,0,5
368,5,7,3,0,6
369,4,9,1,1,3
370,1,7,3,1,7
371,4,2,1,1,7
372,4,3,3,1,2
373,1,7,2,0,5
374,1,6,3,1,5
375,2,5,3,0,3
376,5,8,2,1,6
377,4,3,2,0,1
378,2,1,1,0,3
379,1,9,2,0,4
380,3,10,3,1,2
381,2,5,3,1,6
382,4,7,2,0,5
383,3,10,2,0,2
384,3,2,3,0,1
385,1,3,2,0,2
386,3,10,1,0,4
387,4,8,1,1,5
388,3,3,2,0,2
389,5,6,3,1,3
390,2,5,2,0,1
391,2,9,3,0,1
392,1,6,3,1,4
393,4,10,2,0,6
394,3,2,1,1,3
395,2,3,1,1,3
396,1,9,1,1,2
397,1,8,2,0,7
398,3,3,3,0,2
399,3,4,2,0,1
400,2,10,2,1,7
401,5,7,2,1,2
402,5,1,2,0,2
403,3,1,1,1,6
404,3,6,2,0,3
405,5,3,3,1,1
406,4,9,1,1,2
407,3,6,3,1,6
408,2,10,1,1,1
409,4,3,3,1,7
410,5,8,3,0,4
411,1,9,1,1,3
412,5,3,3,0,4
413,2,4,3,0,4
414,4,6,1,0,1
415,3,4,1,1,6
416,1,4,2,0,7
417,3,8,2,1,7
418,4,9,3,1,2
419,4,2,1,1,5
420,5,9,2,0,5
421,1,6,1,0,5
422,5,9,3,0,7
423,2,3,3,0,6
424,5,7,2,1,6
425,3,4,3,1,7
426,4,5,2,1,1
427,2,6,2,0,2
428,2,1,3,0,7
429,3,7,2,1,7
430,2,10,3,1,1
431,2,9,1,1,1
432,5,7,1,1,5
433,5,4,3,1,3
434,1,1,2,0,5
435,2,10,1,0,4
436,2,10,3,1,1
437,3,3,2,1,6
438,4,2,1,0,4
439,2,1,2,1,5
440,3,7,1,1,6
441,1,10,2,1,1
442,2,4,2,0,5
443,5,9,3,0,6
444,5,9,3,1,7
445,1,9,1,0,1
446,4,2,2,0,2
447,4,1,1,1,5
448,1,9,3,1,5
449,5,5,2,1,2
450,4,3,1,0,2
451,4,8,2,1,2
452,5,4,1,0,6
453,5,1,2,0,5
454,3,4,1,1,5
455,4,6,2,1,2
456,1,9,1,0,1
457,5,8,2,1,2
458,5,2,3,0,1
459,1,3,2,1,5
460,4,5,2,0,2
461,1,3,3,0,1
462,2,2,2,0,4
463,1,5,1,0,7
464,2,8,2,0,7
465,1,9,2,0,1
466,4,4,1,1,1
467,4,6,1,1,2
468,4,2,3,0,1
469,5,6,1,0,1
470,1,2,2,0,7
471,3,2,1,1,7
472,2,3,1,0,1
473,2,8,1,0,1
474,5,9,1,1,1
475,1,5,2,1,1
476,2,7,1,1,4
477,2,8,1,0,6
478,3,6,1,0,4
479,2,6,1,0,2
480,3,1,1,1,6
481,2,7,1,1,1
482,1,5,3,1,4
483,1,8,1,0,3
484,1,6,1,0,2
485,2,1,3,1,4
486,2,1,3,0,3
487,1,8,2,0,6
488,2,6,3,1,4
489,3,4,1,0,2
490,4,4,3,1,4
491,3,4,1,0,5
492,3,9,1,0,1
493,5,5,1,1,2
494,4,8,2,0,1
495,3,7,3,0,6
496,1,5,2,1,1
497,1,4,3,1,7
498,3,6,3,1,4
499,3,3,1,0,5
500,1,10,1,0,2
501,2,1,1,1,3
502,1,10,3,0,4
503,1,10,1,1,7
504,3,1,2,1,1
505,5,3,2,1,4
506,3,1,2,1,1
507,4,3,3,0,6
508,5,5,1,1,3
509,4,9,3,1,7
510,2,1,1,0,3
511,5,8,1,0,7
512,2,7,3,1,2
513,3,8,2,1,1
514,3,5,1,1,1
515,5,8,2,1,2
516,1,5,2,1,3
517,1,9,1,0,2
518,5,1,2,1,3
519,4,4,2,1,3
520,2,8,3,0,5
521,3,4,2,0,1
522,5,1,3,0,3
523,3,1,3,0,3
524,4,5,2,0,2
525,2,7,1,1,3
526,1,8,1,1,1
527,2,3,2,0,3
528,3,4,3,0,2
529,3,2,2,1,2
530,2,9,1,1,3
531,1,8,2,1,6
532,1,2,2,0,4
533,5,1,2,1,5
534,2,9,1,1,2
535,5,4,1,1,5
536,1,1,3,0,7
537,5,7,3,1,4
538,1,3,1,1,3
539,4,5,3,1,7
540,4,7,2,1,5
541,3,7,1,1,1
542,5,5,2,0,6
543,1,5,1,0,3
544,4,1,3,0,5
545,4,2,1,0,5
546,3,6,1,1,2
547,5,3,2,1,2
548,1,4,1,1,3
549,5,2,3,0,7
550,5,9,1,1,2
551,5,4,3,0,7
552,3,4,1,1,4
553,2,1,3,0,7
554,1,4,3,1,1
555,1,7,3,1,4
556,4,10,1,0,5
557,1,1,2,0,7
558,4,2,3,1,1
559,5,6,2,1,7
560,3,6,3,1,1
561,4,10,1,1,2
562,5,8,2,1,2
563,5,5,1,0,7
564,3,6,2,1,4
565,5,6,3,1,5
566,2,10,2,0,6
567,4,4,1,1,2
568,2,5,1,1,7
569,1,4,3,0,5
570,1,6,2,1,7
571,3,2,2,0,6
572,2,5,1,0,4
573,4,9,3,0,2
574,5,9,2,1,7
575,5,2,3,1,1
576,3,2,3,0,4
577,1,3,3,1,2
578,2,7,3,0,4
579,3,4,2,0,5
580,1,2,1,0,5
581,3,4,2,0,2
582,3,8,3,0,7
583,4,9,1,1,1
584,1,2,3,1,4
585,4,3,1,1,2
586,3,8,3,1,7
587,2,6,2,0,3
588,3,6,2,1,4
589,2,2,3,0,7
590,4,9,3,1,5
591,2,7,2,0,4
592,1,1,3,1,2
593,5,4,1,0,3
594,5,6,2,0,4
595,3,7,1,0,6
596,3,2,3,0,7
597,2,5,2,1,7
598,2,9,3,0,4
599,1,8,1,1,6
600,4,1,3,1,2
601,4,4,1,1,5
602,2,2,3,0,2
603,4,3,1,0,5
604,1,5,2,0,6
605,2,1,3,0,3
606,5,2,3,0,4
607,3,8,2,1,5
608,2,8,1,1,5
609,1,4,1,1,6
610,2,3,3,1,7
611,5,2,3,0,3
612,3,4,3,0,3
613,5,9,1,0,2
614,1,4,2,1,1
615,4,1,3,0,2
616,5,5,1,1,7
617,5,8,2,0,2
618,5,8,2,0,4
619,2,7,3,1,5
620,5,2,1,1,6
621,1,4,3,0,4
622,4,9,1,0,5
623,5,4,2,0,5
624,5,6,3,0,7
625,1,9,1,0,7
626,4,9,1,1,4
627,5,6,1,1,2
628,4,10,3,0,2
629,2,1,2,0,6
630,3,9,2,0,7
631,1,6,2,0,2
632,1,7,2,0,1
633,5,5,2,1,1
634,1,5,3,0,7
635,2,9,1,1,3
636,4,2,1,0,5
637,2,7,1,1,5
638,4,5,3,1,4
639,2,4,2,1,6
640,1,8,1,0,7
641,4,8,2,0,6
642,4,4,3,1,6
643,1,4,2,0,4
644,3,8,2,0,6
645,4,10,3,1,6
646,2,7,2,0,6
647,2,8,3,1,4
648,1,9,2,1,2
649,3,8,2,1,6
650,4,9,2,0,6
651,5,5,2,0,4
652,1,9,3,0,4
653,3,5,3,0,2
654,5,7,1,1,2
655,3,5,2,0,2
656,3,7,2,0,2
657,1,8,3,0,5
658,3,10,3,0,4
659,1,1,1,1,6
660,4,4,1,1,1
661,2,9,3,0,3
662,2,8,2,0,6
663,2,7,3,0,5
664,4,6,2,0,1
665,5,7,1,1,1
666,4,9,1,0,6
667,1,4,1,1,1
668,2,8,2,1,2
669,3,1,1,1,3
670,4,6,2,1,4
671,3,9,2,0,6
672,2,9,1,0,6
673,4,1,2,1,1
674,3,6,2,0,5
675,3,2,1,1,1
676,1,7,2,0,4
677,1,6,1,0,4
678,4,7,1,0,3
679,3,6,2,1,6
680,5,2,3,0,3
681,2,4,3,1,7
682,5,8,2,1,3
683,3,5,2,0,4
684,5,4,2,0,4
685,1,6,1,0,7
686,5,9,1,1,5
687,5,7,3,1,4
688,1,9,3,0,5
689,4,6,3,0,3
690,1,5,3,0,2
691,4,4,2,1,3
692,3,2,1,1,1
693,5,4,2,0,7
694,2,3,3,0,1
695,5,5,2,0,1
696,2,2,1,1,7
697,3,6,2,0,1
698,4,3,2,1,4
699,5,8,1,0,1
700,4,4,2,1,4
701,5,4,2,0,6
702,3,2,1,1,1
703,2,7,2,1,4
704,4,8,3,1,7
705,5,4,3,0,6
706,2,5,3,1,4
707,2,8,1,1,4
708,3,6,2,0,7
709,2,1,3,1,3
710,3,1,1,1,3
711,2,9,3,0,4
712,5,8,2,1,1
713,2,7,2,1,3
714,5,9,2,1,5
715,1,9,2,1,2
716,5,2,2,0,5
717,2,6,3,0,6
718,5,5,3,0,6
719,3,5,2,1,3
720,2,8,1,1,2
721,3,5,2,1,6
722,2,8,3,1,1
723,1,10,2,1,4
724,2,9,2,1,1
725,4,6,1,0,5
726,1,5,2,0,2
727,4,9,1,0,2
728,3,7,3,0,6
729,1,9,3,1,5
730,4,8,2,0,6
731,4,6,1,0,2
732,5,10,1,0,3
733,4,8,3,1,6
734,3,7,1,0,7
735,4,8,1,1,2
736,4,7,3,1,6
737,5,7,1,1,2
738,2,9,2,0,7
739,5,2,1,0,2
740,2,7,1,1,6
741,5,9,2,1,1
742,5,5,2,1,3
743,3,10,2,1,1
744,3,4,2,1,3
745,2,5,3,1,3
746,1,3,1,1,4
747,2,1,3,0,7
748,1,3,3,0,3
749,5,3,3,0,1
750,5,3,1,1,2
751,4,6,1,1,6
752,3,7,3,1,5
753,4,10,1,0,1
754,5,3,1,0,1
755,3,3,2,0,3
756,1,6,3,1,3
757,5,5,3,0,4
758,4,9,2,0,6
759,2,8,2,0,7
760,2,4,1,1,4
761,5,5,1,0,1
762,5,5,2,1,4
763,4,7,1,1,7
764,2,10,3,1,1
765,4,5,1,0,2
766,1,9,2,0,6
767,4,4,3,0,6
768,4,6,1,0,3
769,4,6,3,1,3
770,4,2,1,0,2
771,5,5,3,1,4
772,2,7,2,1,6
773,1,2,3,0,6
774,5,10,1,1,6
775,2,6,1,1,7
776,3,3,2,1,2
777,5,7,3,0,4
778,5,2,1,1,6
779,4,6,1,0,6
780,3,1,2,1,5
781,1,9,3,1,1
782,3,9,1,1,1
783,3,6,2,1,6
784,3,2,1,0,4
785,5,1,3,1,1
786,1,10,3,1,7
787,5,8,1,1,2
788,3,4,1,0,1
789,3,9,2,1,3
790,2,10,2,1,7
791,2,9,1,1,3
792,1,1,3,0,7
793,2,2,3,1,1
794,4,9,2,0,1
795,3,4,3,0,7
796,1,4,2,0,2
797,5,3,2,0,1
798,3,6,3,1,6
799,3,7,1,1,5
800,4,6,2,1,6
801,4,9,3,0,7
802,2,10,1,1,2
803,1,1,3,1,1
804,5,9,3,1,7
805,4,9,2,0,7
806,5,1,3,1,4
807,2,9,1,1,5
808,2,1,3,0,5
809,5,9,2,1,6
810,5,9,2,1,7
811,1,8,2,1,7
812,4,3,3,1,6
813,4,8,1,0,2
814,4,2,3,1,3
815,5,8,2,0,7
816,5,9,1,0,1
817,4,6,3,0,1
818,3,7,3,0,4
819,3,4,3,0,6
820,4,5,3,1,4
821,4,4,3,0,1
822,2,5,3,1,7
823,3,1,3,1,2
824,1,10,2,0,5
825,5,1,1,0,2
826,1,4,2,1,2
827,5,2,3,1,5
828,3,3,2,0,6
829,4,7,3,1,3
830,4,2,1,1,6
831,5,4,2,0,4
832,3,7,2,0,6
833,1,9,1,0,6
834,2,1,3,0,1
835,4,2,3,0,2
836,1,6,1,0,1
837,4,5,1,1,4
838,3,4,1,1,1
839,3,3,3,0,1
840,4,8,1,0,2
841,3,7,3,1,3
842,4,2,1,1,1
843,4,1,2,1,6
844,2,8,2,0,1
845,3,2,3,0,1
846,1,8,1,0,5
847,3,8,3,0,6
848,1,2,2,0,6
849,3,7,2,1,6
850,4,6,3,1,4
851,3,8,3,0,2
852,2,7,3,1,7
853,3,10,3,1,7
854,4,10,1,0,7
855,5,10,3,0,6
856,4,9,2,1,3
857,2,4,1,0,3
858,3,4,1,1,2
859,1,5,3,0,1
860,4,1,1,0,2
861,4,8,2,1,3
862,4,6,1,1,7
863,3,2,2,0,5
864,2,6,1,0,4
865,2,4,1,0,7
866,3,9,1,0,4
867,2,7,1,0,7
868,1,9,1,1,5
869,1,9,3,1,6
870,1,2,1,1,5
871,1,5,2,0,1
872,4,6,3,1,4
873,2,2,1,0,4
874,1,7,3,0,1
875,5,9,1,1,4
876,4,4,2,0,1
877,3,3,2,1,2
878,4,2,1,0,4
879,1,7,3,1,5
880,4,5,2,1,1
881,3,8,1,1,7
882,5,5,2,1,2
883,4,5,1,1,2
884,3,8,2,1,5
885,5,10,3,1,6
886,4,4,3,1,1
887,4,7,1,0,6
888,2,4,3,1,6
889,1,2,2,0,5
890,3,1,3,1,7
891,1,6,3,0,5
892,5,7,3,0,2
893,2,1,3,1,4
894,4,3,2,1,1
895,1,6,3,1,6
896,2,4,3,1,1
897,4,3,3,0,4
898,2,9,3,0,3
899,4,7,1,0,1
900,5,9,1,1,1
901,5,4,2,0,3
902,5,4,2,0,3
903,4,9,1,1,4
904,5,4,2,1,2
905,3,5,1,1,4
906,4,3,1,1,6
907,3,4,1,1,3
908,4,5,1,0,2
909,4,9,1,1,5
910,4,1,3,0,5
911,3,2,2,0,5
912,5,1,3,1,3
913,3,9,1,1,2
914,4,8,1,0,1
915,2,6,3,0,2
916,5,8,2,1,2
917,3,1,2,0,5
918,4,5,2,1,4
919,3,3,1,1,4
920,5,7,3,1,7
921,1,7,3,0,1
922,4,6,1,1,1
923,2,6,3,0,6
924,5,5,2,1,6
925,4,1,3,1,1
926,1,6,2,1,6
927,3,9,1,1,4
928,4,5,3,1,5
929,3,2,1,0,1
930,2,8,2,0,4
931,5,4,1,1,5
932,3,9,1,0,3
933,3,3,2,0,4
934,1,4,2,0,3
935,1,8,2,1,3
936,4,2,2,0,1
937,5,2,1,0,3
938,4,4,3,0,6
939,2,10,3,0,7
940,3,9,2,1,5
941,1,2,1,1,4
942,1,3,2,1,6
943,1,6,2,1,2
944,5,1,3,0,6
945,4,5,2,1,5
946,3,1,3,0,6
947,2,1,3,0,2
948,5,1,2,1,7
949,1,10,3,1,3
950,5,5,1,0,6
951,5,4,2,1,3
952,3,3,2,1,5
953,4,3,3,0,2
954,2,9,2,1,4
955,2,7,1,0,5
956,1,6,3,0,6
957,1,9,3,0,1
958,2,1,1,1,2
959,4,9,1,1,7
960,5,8,3,0,7
961,2,1,1,0,4
962,1,1,3,0,7
963,4,10,3,0,2
964,2,10,2,1,6
965,4,3,1,1,3
966,1,6,3,0,5
967,5,1,2,0,7
968,2,8,3,0,5
969,2,10,2,0,6
970,5,7,1,1,5
971,2,5,3,0,6
972,4,4,3,1,6
973,3,10,2,1,5
974,1,1,3,0,7
975,2,4,2,1,7
976,5,9,2,1,7
977,2,9,3,0,3
978,4,4,3,0,4
979,1,10,1,1,3
980,5,8,2,0,1
981,2,10,2,0,3
982,5,10,3,0,7
983,5,5,1,1,4
984,5,6,3,0,6
985,1,3,2,0,3
986,3,5,3,0,7
987,1,9,3,0,4
988,2,9,2,1,7
989,5,5,3,1,3
990,5,5,1,0,5
991,2,7,1,1,3
992,5,1,2,0,1
993,1,9,3,0,3
994,4,1,1,1,3
995,2,6,2,1,6
996,2,10,1,1,3
997,3,7,3,0,6
998,5,5,2,0,1
999,1,6,3,0,2
1000,2,7,1,1,6
1001,2,5,3,1,7
1002,4,1,1,0,3
1003,1,10,3,0,4
1004,4,3,2,1,7
1005,4,1,3,1,7
1006,4,8,1,1,5
1007,4,8,2,1,4
1008,2,1,3,0,3
1009,4,3,3,0,5
1010,1,1,1,1,2
1011,3,8,2,0,5
1012,1,5,1,0,6
1013,2,3,1,0,3
1014,5,8,2,1,2
1015,2,7,3,0,5
1016,4,7,2,1,3
1017,3,6,1,1,5
1018,4,9,2,1,5
1019,3,1,3,1,7
1020,4,5,3,1,5
1021,2,7,2,1,1
1022,2,1,1,0,2
1023,3,6,2,1,6
1024,3,6,1,0,3
1025,4,10,3,1,2
1026,5,5,3,1,3
1027,4,1,2,0,6
1028,3,6,1,1,6
1029,4,4,1,1,1
1030,4,10,2,0,7
1031,1,9,1,1,6
1032,1,4,3,1,7
1033,3,10,2,1,5
1034,3,3,1,0,6
1035,2,4,3,0,3
1036,1,10,3,1,7
1037,4,2,1,0,7
1038,1,7,2,1,3
1039,2,7,1,1,5
1040,5,1,3,1,5
1041,2,8,1,1,2
1042,4,10,2,1,3
1043,5,4,3,1,7
1044,4,7,3,0,6
1045,5,7,1,1,6
1046,1,9,3,1,7
1047,4,7,2,1,5
1048,1,9,2,0,1
1049,5,7,3,1,2
1050,1,8,3,0,6
1051,1,6,1,0,2
1052,4,1,2,1,6
1053,4,5,1,0,6
1054,5,5,2,1,5
1055,4,7,3,1,3
1056,5,2,3,0,4
1057,5,2,1,0,4
1058,5,4,2,0,1
1059,5,4,2,1,1
1060,2,4,3,1,3
1061,5,3,1,0,7
1062,3,9,1,0,3
1063,3,6,2,0,1
1064,4,3,3,1,3
1065,2,6,1,1,5
1066,2,9,2,0,2
1067,4,1,1,0,1
1068,4,5,3,0,2
1069,5,2,1,1,1
1070,4,7,1,1,3
1071,2,4,2,1,1
1072,2,7,1,0,6
1073,3,7,2,0,6
1074,4,3,3,1,1
1075,2,6,1,0,3
1076,1,5,3,0,3
1077,1,8,1,0,6
1078,4,9,2,0,3
1079,3,9,2,0,4
1080,1,3,3,0,3
1081,3,8,1,0,3
1082,1,6,3,1,7
1083,2,1,2,0,1
1084,2,10,1,0,3
1085,3,9,3,0,4
1086,3,3,1,1,1
1087,5,8,1,1,4
1088,5,4,1,1,3
1089,3,7,1,1,5
1090,5,2,3,0,5
1091,3,4,3,1,3
1092,5,7,3,0,1
1093,3,6,2,0,7
1094,2,9,1,1,5
1095,2,7,3,1,1
1096,5,5,1,1,3
1097,4,6,1,0,4
1098,3,1,2,1,6
1099,4,6,2,0,6
1100,4,6,3,1,7
1101,5,8,3,0,2
1102,2,3,2,0,1
1103,3,4,1,0,4
1104,2,2,3,0,7
1105,1,7,3,1,7
1106,1,4,2,0,3
1107,5,2,3,0,7
1108,3,3,1,0,5
1109,4,2,1,0,2
1110,2,9,2,0,3
1111,1,3,3,1,3
1112,3,3,1,1,6
1113,5,3,1,1,2
1114,1,3,1,0,7
1115,1,1,1,0,2
1116,2,8,3,0,5
1117,2,5,3,0,3
1118,1,10,2,0,6
1119,2,6,1,0,5
1120,3,7,1,1,4
1121,2,10,2,1,4
1122,4,7,2,0,7
1123,5,10,2,1,5
1124,3,4,2,0,3
1125,1,9,1,0,6
1126,4,1,3,0,4
1127,2,4,2,0,2
1128,4,4,1,1,4
1129,4,3,2,0,4
1130,2,7,1,0,3
1131,3,10,3,1,6
1132,4,8,1,0,6
1133,3,4,3,0,1
1134,3,7,1,0,2
1135,2,3,3,0,2
1136,5,2,1,1,2
1137,2,4,2,0,4
1138,2,8,3,0,7
1139,5,5,1,0,3
1140,3,2,1,1,3
1141,2,3,3,0,3
1142,3,7,2,0,5
1143,5,4,3,0,7
1144,3,1,2,1,2
1145,5,4,1,1,3
1146,1,6,1,1,5
1147,2,4,3,1,5
1148,5,6,3,0,6
1149,5,1,2,0,7
1150,1,10,3,1,3
1151,5,8,2,1,1
1152,5,3,2,1,2
1153,2,3,3,0,1
1154,1,8,1,1,7
1155,1,9,2,1,5
1156,3,7,3,1,3
1157,4,6,1,0,3
1158,5,4,3,1,6
1159,4,6,1,1,5
1160,2,3,2,0,6
1161,2,6,1,1,7
1162,3,2,1,0,7
1163,3,6,3,1,2
1164,3,2,1,1,6
1165,4,8,2,0,7
1166,5,5,1,1,5
1167,4,5,2,0,2
1168,2,7,2,0,7
1169,3,6,1,0,1
1170,4,6,2,0,2
1171,4,2,2,0,3
1172,1,4,2,0,3
1173,2,5,1,0,1
1174,5,2,2,1,5
1175,2,1,3,1,2
1176,1,3,1,1,2
1177,4,5,3,1,3
1178,4,9,2,0,4
1179,4,7,2,1,2
1180,5,7,3,0,1
1181,4,1,2,0,6
1182,1,2,3,0,1
1183,2,5,2,0,3
1184,4,10,3,1,2
1185,1,2,3,1,3
1186,5,1,1,1,3
1187,5,2,1,0,4
1188,2,4,3,0,6
1189,3,10,1,0,3
1190,5,10,1,0,6
1191,4,5,1,1,1
1192,2,2,1,1,1
1193,3,4,1,0,7
1194,3,6,1,0,1
1195,3,9,3,1,5
1196,3,1,2,1,1
1197,4,8,2,0,3
1198,1,5,3,0,3
1199,1,6,2,0,5
1200,3,2,2,0,4
1201,4,1,3,0,1
1202,3,4,3,1,1
1203,1,6,1,0,1
1204,4,3,3,1,7
1205,1,5,1,1,5
1206,2,5,1,0,4
1207,1,7,2,0,6
1208,3,8,1,1,3
1209,2,2,3,0,4
1210,2,8,1,0,2
1211,1,8,1,1,6
1212,1,9,3,1,3
1213,2,5,1,1,6
1214,1,10,2,0,3
1215,2,4,2,0,1
1216,1,10,3,0,7
1217,1,10,1,1,7
1218,1,1,3,0,2
1219,5,8,3,0,7
1220,5,3,3,0,5
1221,5,8,2,0,3
1222,5,5,3,0,7
1223,3,5,3,0,3
1224,3,1,1,1,4
1225,3,3,2,0,5
1226,4,10,2,1,3
1227,5,2,1,0,3
1228,1,3,3,0,6
1229,4,3,2,0,1
1230,4,8,2,1,5
1231,5,4,3,1,4
1232,4,9,1,0,4
1233,1,9,3,0,3
1234,1,9,3,0,6
1235,3,2,3,0,2
1236,1,6,2,0,1
1237,5,3,3,0,7
1238,4,7,1,1,6
1239,2,1,1,1,7
1240,2,10,2,0,6
1241,2,7,3,1,1
1242,5,7,3,1,7
1243,1,2,1,1,1
1244,2,10,1,0,6
1245,4,7,2,0,7
1246,4,1,3,1,2
1247,2,4,3,1,1
1248,4,7,3,1,6
1249,4,7,1,1,3
1250,1,9,3,0,6
1251,1,6,1,0,5
1252,2,1,2,0,3
1253,1,10,3,0,3
1254,3,7,2,1,7
1255,1,10,3,1,7
1256,1,3,2,0,4
1257,1,7,1,1,1
1258,2,10,3,0,4
1259,4,2,3,0,7
1260,5,2,3,1,5
1261,5,4,2,1,5
1262,3,10,1,0,2
1263,1,8,2,1,5
1264,1,2,2,1,4
1265,3,6,1,0,3
1266,2,8,2,0,6
1267,1,6,2,1,6
1268,2,3,3,1,1
1269,5,4,3,1,1
1270,2,10,1,0,4
1271,4,5,3,1,4
1272,3,7,2,1,7
1273,2,6,1,1,2
1274,3,8,2,0,5
1275,2,8,1,0,2
1276,1,8,3,0,7
1277,1,4,2,0,7
1278,1,2,1,0,6
1279,2,1,3,0,7
1280,2,5,1,1,1
1281,5,10,1,1,3
1282,4,9,3,1,1
1283,4,7,1,0,4
1284,4,5,2,1,5
1285,1,5,1,1,6
1286,4,2,2,0,2
1287,2,8,3,1,2
1288,4,2,1,1,3
1289,1,3,3,1,1
1290,2,9,3,1,7
1291,4,6,3,1,5
1292,2,2,3,1,4
1293,5,9,2,1,7
1294,5,10,1,0,6
1295,5,8,2,1,2
1296,5,2,3,0,2
1297,2,9,2,1,4
1298,1,5,2,1,2
1299,2,8,1,1,7
1300,1,10,1,1,4
1301,3,4,3,1,5
1302,3,8,2,0,1
1303,5,4,3,1,2
1304,5,1,1,0,3
1305,5,3,3,1,5
1306,3,3,1,1,4
1307,1,6,1,0,1
1308,4,8,2,0,7
1309,5,10,2,0,1
1310,1,7,2,1,5
1311,5,8,3,0,6
1312,3,3,3,1,7
1313,4,6,3,0,7
1314,5,4,3,1,3
1315,1,5,3,1,6
1316,3,1,3,0,5
1317,5,7,1,0,6
1318,3,7,2,0,5
1319,1,5,2,1,1
1320,2,10,3,1,7
1321,3,4,1,0,7
1322,1,6,3,0,1
1323,4,1,2,0,5
1324,1,5,3,1,5
1325,4,1,1,1,1
1326,5,4,1,1,7
1327,3,2,1,0,5
1328,3,6,2,0,5
1329,2,4,2,0,3
1330,4,5,1,1,1
1331,4,5,1,0,1
1332,2,10,2,0,6
1333,1,8,3,1,4
1334,4,6,2,0,1
1335,3,4,3,1,4
1336,4,1,3,0,4
1337,4,4,1,1,1
1338,3,3,2,1,3
1339,1,6,1,1,6
1340,2,3,3,1,4
1341,4,2,3,1,5
1342,2,5,3,0,4
1343,3,9,2,0,4
1344,5,3,3,1,6
1345,3,8,2,0,1
1346,4,2,2,1,1
1347,1,8,3,1,7
1348,1,10,2,1,1
1349,1,1,3,0,3
1350,4,9,1,1,5
1351,4,3,2,0,6
1352,5,8,2,1,4
1353,3,5,1,0,2
1354,3,8,1,1,3
1355,1,4,2,1,6
1356,1,3,3,0,4
1357,3,7,2,0,5
1358,2,7,2,1,4
1359,2,8,2,1,3
1360,3,1,1,1,5
1361,5,10,1,1,3
1362,5,6,2,0,4
1363,3,3,1,0,7
1364,5,5,2,0,3
1365,3,5,2,1,3
1366,5,4,3,0,1
1367,5,8,2,0,7
1368,4,1,2,0,5
1369,5,6,3,0,7
1370,5,8,1,1,7
1371,5,4,2,1,2
1372,1,3,3,1,6
1373,2,9,2,1,3
1374,2,5,1,0,5
1375,3,9,1,1,6
1376,4,9,3,1,6
1377,5,9,3,0,5
1378,4,7,1,1,6
1379,2,8,1,1,4
1380,4,2,1,1,4
1381,5,8,1,1,7
1382,5,2,2,1,1
1383,4,3,1,1,2
1384,4,8,1,0,6
1385,5,8,1,0,3
1386,1,4,1,0,4
1387,4,7,3,0,4
1388,2,5,3,1,5
1389,5,9,3,1,4
1390,4,3,3,0,5
1391,2,3,2,1,5
1392,2,3,2,1,4
1393,5,7,2,0,6
1394,4,2,2,1,1
1395,3,9,3,1,4
1396,5,3,2,1,5
1397,3,3,1,1,2
1398,5,9,1,0,7
1399,5,4,2,0,2
1400,4,4,2,1,3
1401,2,5,2,0,1
1402,3,6,3,0,7
1403,2,2,3,0,7
1404,5,6,1,1,1
1405,5,1,2,0,4
1406,4,8,3,1,6
1407,5,4,1,0,1
1408,4,5,2,0,5
1409,2,4,2,1,2
1410,3,6,1,0,3
1411,2,4,3,0,7
1412,1,1,1,0,3
1413,3,7,2,1,7
1414,5,2,2,1,7
1415,5,8,2,0,2
1416,1,8,1,1,4
1417,5,3,2,0,2
1418,1,2,2,0,3
1419,3,6,2,0,7
1420,4,8,3,0,4
1421,5,7,1,1,6
1422,3,5,3,1,5
1423,5,2,1,1,2
1424,2,7,2,0,5
1425,2,1,2,0,3
1426,2,10,2,0,5
1427,5,3,1,0,5
1428,2,5,2,1,2
1429,3,1,2,1,5
1430,2,1,3,0,5
1431,4,3,1,0,2
1432,1,4,3,0,6
1433,5,10,3,0,5
1434,5,1,1,1,1
1435,3,10,2,1,4
1436,4,2,2,0,6
1437,4,9,1,0,1
1438,3,1,1,1,6
1439,3,7,3,0,1
1440,2,2,2,0,2
1441,4,1,2,1,3
1442,2,3,1,0,1
1443,3,5,3,1,5
1444,5,3,3,0,7
1445,4,10,3,0,5
1446,4,10,3,0,5
1447,1,4,2,1,1
1448,4,7,2,0,1
1449,3,10,2,0,7
1450,4,1,3,0,1
1451,4,9,1,0,7
1452,1,6,3,0,6
1453,4,1,3,1,3
1454,2,10,2,1,6
1455,2,5,3,1,2
1456,2,1,1,1,1
1457,1,6,1,1,2
1458,1,6,1,0,7
1459,3,7,3,0,3
1460,5,9,3,0,7
1461,3,10,2,0,3
1462,4,5,3,1,3
1463,3,2,3,1,5
1464,2,3,3,1,1
1465,3,8,3,1,1
1466,1,10,1,1,2
1467,5,2,3,0,2
1468,5,10,1,1,7
1469,4,8,2,0,5
1470,3,3,1,1,6
1471,5,7,3,0,3
1472,2,10,2,0,5
1473,1,1,3,0,3
1474,5,6,2,0,5
1475,5,1,1,1,1
1476,2,8,2,0,7
1477,1,3,1,1,5
1478,5,7,3,1,5
1479,3,4,3,0,4
1480,3,9,2,0,7
1481,2,5,1,1,6
1482,1,5,1,1,1
1483,1,9,1,0,6
1484,4,2,2,0,1
1485,1,5,3,1,3
1486,1,3,3,0,6
1487,3,9,1,0,7
1488,5,5,3,1,2
1489,3,6,1,1,2
1490,3,6,2,0,3
1491,3,2,1,1,1
1492,1,1,3,0,6
1493,2,2,2,0,5
1494,3,2,2,1,1
1495,1,2,2,0,2
1496,3,1,3,1,6
1497,3,3,3,1,7
1498,1,3,1,1,7
1499,4,10,2,0,6
1500,1,1,1,0,2
1501,2,4,3,0,1
1502,4,8,3,1,3
1503,3,7,3,1,2
1504,2,4,3,0,4
1505,5,5,1,1,2
1506,3,5,2,0,2
1507,5,1,3,1,3
1508,5,1,2,0,5
1509,5,1,2,1,1
1510,5,5,1,0,4
1511,5,4,2,0,3
1512,4,8,1,0,1
1513,5,8,1,1,3
1514,1,1,2,0,3
1515,4,10,3,0,3
1516,3,6,1,1,5
1517,3,6,1,1,3
1518,2,6,1,0,1
1519,4,4,1,1,2
1520,3,9,2,0,5
1521,5,1,3,0,1
1522,2,10,1,1,2
1523,4,6,1,0,6
1524,3,3,1,1,6
1525,3,8,3,0,2
1526,1,5,2,1,2
1527,3,4,1,0,1
1528,2,5,1,0,1
1529,1,2,1,0,1
1530,3,7,2,1,2
1531,1,5,1,1,6
1532,4,9,3,0,7
1533,3,6,3,0,6
1534,2,8,2,0,6
1535,2,7,1,1,5
1536,4,7,3,1,5
1537,5,9,2,0,3
1538,4,10,2,1,1
1539,1,4,2,0,7
1540,4,7,2,1,4
1541,2,8,3,1,2
1542,2,10,2,0,1
1543,4,2,1,1,4
1544,3,1,3,1,6
1545,2,3,1,0,1
1546,2,8,1,1,2
1547,2,6,3,0,2
1548,2,4,3,0,7
1549,3,4,1,0,4
1550,1,7,2,1,3
1551,3,7,3,1,1
1552,4,2,1,1,1
1553,1,2,2,1,5
1554,4,3,1,0,2
1555,4,2,2,1,5
1556,4,1,1,1,3
1557,2,4,2,0,6
1558,3,6,3,1,6
1559,4,10,1,1,1
1560,3,8,3,1,3
1561,1,9,3,0,3
1562,4,2,1,1,5
1563,3,5,2,0,1
1564,2,8,2,1,2
1565,3,5,1,1,5
1566,2,7,2,1,1
1567,3,5,3,1,7
1568,4,2,1,0,4
1569,1,9,1,1,6
1570,4,4,2,1,4
1571,3,10,2,1,5
1572,3,6,3,0,4
1573,2,4,3,0,6
1574,5,9,1,1,4
1575,4,6,2,0,7
1576,2,6,2,1,3
1577,4,10,2,0,6
1578,4,10,3,0,4
1579,4,1,2,1,3
1580,2,1,1,0,4
1581,2,2,2,0,2
1582,4,3,2,0,1
1583,2,10,3,1,4
1584,4,3,2,0,3
1585,3,6,3,0,3
1586,1,8,2,1,6
1587,5,6,2,1,2
1588,4,5,1,1,2
1589,4,5,1,0,7
1590,2,1,1,0,1
1591,3,2,1,1,3
1592,5,7,1,1,2
1593,4,6,1,0,7
1594,1,5,3,1,4
1595,1,10,2,1,2
1596,4,3,2,0,1
1597,5,4,1,0,6
1598,5,6,2,0,7
1599,2,1,2,0,4
1600,3,1,2,1,6
1601,1,6,3,1,3
1602,3,3,1,1,3
1603,5,5,1,0,6
1604,1,1,3,0,1
1605,5,10,2,1,4
1606,1,5,1,1,2
1607,2,3,1,1,1
1608,4,6,1,1,4
1609,5,3,3,1,1
1610,3,9,2,1,2
1611,1,5,3,0,3
1612,2,3,1,1,7
1613,1,5,1,0,7
1614,1,8,2,0,2
1615,2,9,2,1,5
1616,5,6,3,0,6
1617,4,8,2,0,5
1618,4,1,1,1,7
1619,4,8,3,1,2
1620,5,9,1,0,1
1621,1,4,1,1,2
1622,5,3,1,0,3
1623,2,3,1,1,4
1624,3,1,2,1,7
1625,5,1,2,0,6
1626,2,5,2,1,5
1627,3,7,1,1,7
1628,1,3,2,0,4
1629,3,6,3,1,2
1630,4,10,1,0,6
1631,5,10,2,0,2
1632,1,5,3,1,1
1633,4,10,3,0,3
1634,4,7,1,0,2
1635,5,7,3,1,3
1636,3,2,3,0,7
1637,3,4,2,1,7
1638,1,3,3,1,4
1639,1,6,1,0,3
1640,4,3,1,1,7
1641,2,5,2,1,7
1642,3,7,1,1,5
1643,3,2,1,0,4
1644,3,7,3,0,2
1645,2,7,2,0,7
1646,1,2,2,1,1
1647,2,6,3,0,6
1648,4,3,3,0,4
1649,5,5,1,0,2
1650,5,3,2,0,5
1651,3,2,3,1,3
1652,4,7,1,1,4
1653,3,8,1,0,6
1654,3,6,3,0,4
1655,4,1,2,0,2
1656,3,1,3,0,6
1657,2,8,3,0,4
1658,1,6,3,0,7
1659,4,7,3,1,4
1660,5,1,3,0,4
1661,5,6,2,1,2
1662,1,1,1,0,7
1663,2,8,2,0,5
1664,2,7,3,0,3
1665,4,1,3,0,5
1666,1,4,1,1,7
1667,1,5,1,0,2
1668,4,5,2,0,4
1669,5,4,3,0,6
1670,2,7,3,1,7
1671,5,6,2,0,4
1672,4,3,3,0,6
1673,2,7,3,0,2
1674,3,1,3,1,2
1675,5,2,3,1,5
1676,5,2,3,1,1
1677,5,1,3,0,5
1678,5,9,3,0,3
1679,1,10,1,0,4
1680,2,8,1,1,7
1681,3,6,1,0,4
1682,3,10,2,0,4
1683,4,4,1,1,2
1684,2,3,1,1,3
1685,2,3,2,0,7
1686,1,7,3,0,7
1687,2,10,2,1,3
1688,1,2,3,1,3
1689,1,7,1,1,2
1690,3,10,2,0,2
1691,2,10,2,1,7
1692,1,6,2,1,7
1693,2,10,2,1,6
1694,3,8,1,0,5
1695,1,4,1,0,4
1696,2,4,3,0,5
1697,1,9,2,1,3
1698,3,1,2,0,4
1699,5,9,2,0,4
1700,4,7,3,1,3
1701,5,10,3,0,5
1702,4,7,3,1,4
1703,1,3,1,0,4
1704,3,5,3,1,6
1705,1,5,1,1,6
1706,1,5,1,1,2
1707,3,10,1,1,2
1708,4,4,1,1,4
1709,4,5,3,1,2
1710,2,3,1,0,6
1711,3,3,3,0,7
1712,5,8,1,0,6
1713,5,1,1,1,4
1714,2,2,2,1,1
1715,1,3,3,1,5
1716,2,9,2,0,5
1717,2,4,1,1,1
1718,1,5,2,0,6
1719,3,2,1,1,6
1720,4,4,3,1,2
1721,1,8,1,0,4
1722,2,4,2,1,4
1723,1,6,2,0,2
1724,5,3,2,1,1
1725,4,7,3,0,6
1726,2,1,2,0,5
1727,5,5,2,0,2
1728,5,5,2,1,1
1729,5,7,3,0,7
1730,5,9,1,1,6
1731,2,6,2,0,1
1732,3,6,1,1,3
1733,1,4,1,1,1
1734,2,7,2,1,7
1735,4,2,2,0,4
1736,1,6,2,0,2
1737,4,1,2,0,4
1738,4,2,1,1,6
1739,3,8,1,1,5
1740,3,4,1,0,1
1741,4,9,3,1,7
1742,1,7,3,1,2
1743,5,7,2,0,7
1744,1,5,1,1,2
1745,5,4,1,0,6
1746,4,8,3,1,3
1747,5,7,3,1,4
1748,3,1,1,0,6
1749,3,6,1,0,4
1750,3,6,1,1,4
1751,1,7,1,1,6
1752,2,9,3,1,1
1753,2,10,2,0,7
1754,4,8,2,1,3
1755,4,7,3,0,5
1756,3,2,2,0,3
1757,1,10,2,1,2
1758,4,1,1,1,6
1759,3,3,3,0,2
1760,1,4,1,1,4
1761,5,4,2,0,3
1762,5,6,3,0,7
1763,5,8,2,1,2
1764,5,6,3,1,6
1765,5,3,1,1,6
1766,3,4,2,1,2
1767,4,7,1,1,1
1768,1,8,1,1,3
1769,2,6,3,1,3
1770,2,10,2,1,7
1771,1,7,3,1,5
1772,2,10,2,1,2
1773,1,10,3,1,6
1774,2,9,2,1,6
1775,3,2,2,0,6
1776,5,5,1,0,3
1777,5,2,2,0,1
1778,3,5,2,0,5
1779,4,8,2,0,3
1780,2,9,2,1,3
1781,1,5,1,1,2
1782,4,8,1,0,3
1783,3,8,2,1,7
1784,2,1,2,1,5
1785,5,8,2,0,6
1786,1,10,1,1,6
1787,3,2,3,1,1
1788,4,3,1,1,7
1789,4,2,2,0,3
1790,1,2,2,0,5
1791,2,10,1,0,1
1792,5,3,2,0,7
1793,2,10,1,0,2
1794,5,6,1,0,7
1795,1,5,2,1,6
1796,4,3,3,0,6
1797,3,6,2,0,2
1798,4,9,1,0,3
1799,5,8,2,1,6
1800,3,6,2,1,3
1801,2,7,1,0,2
1802,2,9,3,1,6
1803,4,6,1,0,2
1804,3,9,1,0,5
1805,2,5,1,0,1
1806,1,7,1,1,6
1807,3,5,3,0,2
1808,3,10,1,1,1
1809,4,8,3,0,2
1810,3,4,3,0,7
1811,4,2,3,0,7
1812,1,9,1,0,7
1813,4,1,2,0,5
1814,2,4,1,1,4
1815,5,2,3,0,6
1816,1,9,1,0,7
1817,2,9,3,0,4
1818,5,8,1,0,7
1819,3,8,3,1,2
1820,3,7,2,1,6
1821,1,2,3,0,3
1822,3,8,3,0,5
1823,4,4,3,1,2
1824,3,1,3,0,2
1825,5,5,3,0,1
1826,2,2,2,1,5
1827,1,5,2,0,5
1828,1,10,3,0,6
1829,2,10,3,1,7
1830,4,3,3,1,5
1831,2,10,2,0,5
1832,1,1,2,1,2
1833,2,4,3,0,4
1834,4,6,1,1,5
1835,1,3,3,1,5
1836,4,7,3,0,2
1837,5,6,3,1,6
1838,3,3,1,0,1
1839,1,6,3,1,3
1840,3,9,2,1,5
1841,2,1,2,1,1
1842,3,2,3,1,1
1843,2,3,1,0,6
1844,4,8,2,0,2
1845,3,5,3,0,5
1846,1,1,1,0,1
1847,3,2,3,0,2
1848,4,3,3,0,1
1849,2,10,2,0,5
1850,3,8,2,1,1
1851,2,7,1,1,1
1852,1,8,3,1,7
1853,2,4,3,0,7
1854,2,3,2,0,4
1855,4,7,2,0,1
1856,2,8,2,1,2
1857,1,4,1,1,3
1858,5,6,3,0,6
1859,5,6,2,1,4
1860,2,2,3,0,5
1861,3,10,1,1,7
1862,3,2,2,1,3
1863,2,8,2,0,7
1864,4,9,3,0,3
1865,4,5,3,1,5
1866,4,5,2,1,4
1867,5,6,3,1,6
1868,4,8,3,0,3
1869,1,9,2,1,7
1870,1,7,2,1,3
1871,3,2,1,1,5
1872,1,6,3,0,7
1873,3,7,3,1,1
1874,3,3,2,1,4
1875,5,8,3,1,1
1876,5,1,2,1,4
1877,1,7,1,0,5
1878,3,1,3,1,1
1879,4,3,2,1,1
1880,2,1,3,0,2
1881,3,3,1,0,7
1882,2,9,1,0,5
1883,3,5,3,1,7
1884,2,8,2,0,3
1885,1,5,3,1,3
1886,5,8,3,0,3
1887,1,3,3,1,3
1888,3,9,3,0,6
1889,5,6,1,0,3
1890,5,5,3,0,4
1891,5,6,1,1,7
1892,5,6,1,0,5
1893,4,6,1,0,1
1894,5,1,1,0,4
1895,3,10,2,0,7
1896,1,2,1,1,5
1897,4,4,1,1,7
1898,1,10,3,0,7
1899,1,6,3,0,3
1900,3,10,2,0,5
1901,4,5,1,0,7
1902,3,10,2,1,7
1903,5,4,2,1,3
1904,5,5,1,0,1
1905,3,3,1,1,7
1906,1,9,1,1,3
1907,3,10,1,1,5
1908,4,3,2,1,1
1909,3,5,1,1,1
1910,5,1,3,0,4
1911,3,8,2,0,7
1912,4,10,2,0,7
1913,4,2,3,1,5
1914,3,2,1,1,7
1915,1,3,3,1,7
1916,5,4,2,1,7
1917,3,10,2,0,4
1918,4,1,3,1,5
1919,5,3,1,1,5
1920,1,6,2,1,5
1921,1,7,1,0,4
1922,4,2,1,0,2
1923,2,6,1,0,1
1924,5,5,2,1,5
1925,1,6,2,0,6
1926,3,10,2,0,5
1927,3,7,1,0,4
1928,3,10,3,1,5
1929,1,4,3,1,6
1930,5,8,1,0,5
1931,5,2,3,0,1
1932,2,4,2,1,6
1933,2,4,1,0,3
1934,2,3,2,0,6
1935,4,1,3,1,7
1936,1,3,2,1,7
1937,5,7,1,0,6
1938,5,8,3,0,7
1939,5,2,1,0,2
1940,1,9,1,0,1
1941,3,5,3,1,6
1942,2,6,1,1,5
1943,5,2,2,1,5
1944,3,8,1,0,7
1945,3,3,3,1,5
1946,5,1,1,0,5
1947,3,3,1,1,7
1948,1,8,1,0,5
1949,2,2,1,1,4
1950,3,4,2,0,2
1951,1,6,3,1,5
1952,2,6,3,0,4
1953,2,4,1,1,5
1954,1,4,2,0,7
1955,2,1,1,1,7
1956,2,10,3,1,5
1957,4,9,2,1,4
1958,2,2,1,1,4
1959,1,1,2,0,1
1960,5,3,1,0,3
1961,1,8,3,1,4
1962,3,6,3,0,4
1963,2,10,1,0,7
1964,2,6,1,0,1
1965,2,5,2,1,5
1966,5,6,1,0,7
1967,5,2,3,1,5
1968,5,10,2,1,3
1969,5,5,3,1,2
1970,3,5,2,0,6
1971,1,5,2,1,7
1972,3,3,3,0,4
1973,3,7,1,1,5
1974,1,5,2,1,1
1975,3,5,2,1,4
1976,3,8,2,0,7
1977,3,6,1,1,2
1978,5,9,3,1,3
1979,4,6,1,0,1
1980,3,4,1,1,5
1981,3,3,1,0,5
1982,1,4,2,1,3
1983,3,9,1,0,4
1984,4,8,1,1,6
1985,1,6,2,0,2
1986,3,2,1,1,7
1987,1,4,3,0,3
1988,1,3,2,1,2
1989,2,4,2,0,1
1990,4,5,1,1,3
1991,2,8,1,0,7
1992,4,4,1,0,5
1993,5,9,3,1,4
1994,2,4,2,0,1
1995,1,9,2,0,6
1996,4,6,2,0,4
1997,2,3,1,1,7
1998,3,2,3,0,5
1999,5,6,3,0,5
2000,1,2,3,1,2
2001,5,2,2,0,3
2002,2,1,2,1,2
2003,2,10,3,1,3
2004,2,5,1,0,3
2005,5,8,3,0,7
2006,5,8,1,0,3
2007,1,10,3,0,2
2008,3,3,2,0,7
2009,1,1,3,0,6
2010,4,4,1,1,2
2011,2,3,2,0,1
2012,5,8,1,1,3
2013,4,9,1,0,4
2014,1,3,1,0,3
2015,4,10,3,1,5
2016,1,1,1,1,7
2017,1,10,3,0,4
2018,2,5,2,1,2
2019,1,8,2,0,3
2020,2,9,1,0,1
2021,5,8,2,1,1
2022,4,7,2,0,1
2023,5,1,1,1,3
2024,3,1,1,1,4
2025,4,1,1,0,2
2026,1,7,1,1,7
2027,4,6,1,0,1
2028,1,4,2,1,7
2029,5,6,2,1,2
2030,5,8,3,0,5
2031,3,8,3,0,6
2032,5,5,2,0,7
2033,4,4,1,0,1
2034,2,10,1,0,2
2035,4,4,2,0,3
2036,1,2,1,0,6
2037,2,2,1,0,4
2038,2,4,2,0,3
2039,1,7,2,1,5
2040,2,6,1,0,5
2041,2,6,2,1,3
2042,3,8,2,0,7
2043,1,7,3,0,3
2044,3,6,3,0,2
2045,4,6,1,1,6
2046,3,3,1,1,2
2047,3,7,2,1,7
2048,4,3,1,1,6
2049,4,7,1,1,3
2050,4,10,1,1,7
2051,3,6,1,0,3
2052,2,1,2,1,3
2053,2,6,2,1,5
2054,1,7,2,0,4
2055,1,10,3,1,1
2056,2,5,3,1,2
2057,1,2,2,0,1
2058,3,7,2,0,5
2059,5,6,1,0,1
2060,3,5,1,1,1
2061,1,6,1,1,2
2062,4,10,1,1,7
2063,5,1,3,0,3
2064,5,6,2,0,4
2065,3,6,2,1,3
2066,5,8,3,1,3
2067,2,6,3,1,2
2068,5,1,3,1,2
2069,4,9,1,1,3
2070,4,9,2,1,6
2071,5,6,1,1,5
2072,4,8,1,1,2
2073,1,9,1,1,5
2074,1,9,2,1,5
2075,5,5,2,0,1
2076,5,4,3,0,7
2077,3,7,2,0,6
2078,5,10,3,0,4
2079,3,3,1,1,1
2080,1,1,3,0,6
2081,5,6,3,1,2
2082,3,2,3,1,3
2083,4,1,2,0,7
2084,2,1,3,0,4
2085,1,4,3,0,1
2086,3,5,2,1,7
2087,1,10,2,0,6
2088,5,5,1,0,2
2089,4,8,2,0,4
2090,5,4,1,1,1
2091,1,2,2,0,7
2092,2,1,1,1,1
2093,5,8,1,1,4
2094,4,10,1,1,4
2095,2,8,1,0,4
2096,5,3,2,1,5
2097,2,8,2,1,1
2098,1,1,1,1,6
2099,5,8,2,1,1
2100,1,10,3,1,1
2101,1,9,1,0,3
2102,4,7,3,0,5
2103,1,7,1,0,5
2104,3,4,2,0,1
2105,4,1,1,0,1
2106,2,3,1,0,2
2107,4,9,1,0,3
2108,1,1,1,0,7
2109,5,2,3,1,5
2110,2,5,3,0,1
2111,4,8,2,1,7
2112,1,1,1,1,5
2113,3,2,1,1,2
2114,2,9,1,0,3
2115,1,10,2,1,7
2116,2,10,2,1,1
2117,4,8,1,0,1
2118,4,1,1,1,3
2119,3,10,2,1,3
2120,1,3,3,1,6
2121,2,2,3,0,3
2122,3,9,1,1,6
2123,4,6,3,1,1
2124,2,5,1,1,6
2125,2,7,1,0,3
2126,2,4,1,1,6
2127,3,5,3,1,4
2128,1,4,1,0,2
2129,1,7,1,0,5
2130,2,1,1,0,7
2131,5,7,2,1,7
2132,4,5,2,0,2
2133,5,8,3,0,4
2134,2,10,1,0,7
2135,3,10,2,0,1
2136,5,7,2,1,7
2137,4,7,1,1,1
2138,2,10,2,1,7
2139,5,10,1,0,3
2140,4,2,2,1,7
2141,5,6,2,1,6
2142,5,5,3,1,4
2143,3,8,2,0,2
2144,4,2,2,0,3
2145,2,8,3,0,6
2146,2,9,2,0,2
2147,2,8,2,1,3
2148,3,9,3,1,2
2149,4,5,3,1,4
2150,3,6,3,1,6
2151,1,4,3,0,6
2152,1,3,3,0,7
2153,3,4,2,1,3
2154,5,5,2,0,5
2155,5,3,1,0,2
2156,3,6,3,0,2
2157,3,7,2,0,2
2158,5,10,3,1,7
2159,3,8,3,1,3
2160,5,3,3,0,7
2161,2,10,3,0,1
2162,2,4,3,1,6
2163,4,2,3,0,3
2164,4,8,1,0,3
2165,1,2,1,1,6
2166,5,2,3,1,7
2167,2,4,1,1,2
2168,5,5,1,0,1
2169,3,9,2,1,3
2170,1,10,1,1,2
2171,5,8,3,1,1
2172,3,8,3,0,1
2173,3,2,1,0,1
2174,1,10,2,1,2
2175,1,1,1,1,4
2176,2,3,1,1,3
2177,4,10,2,0,4
2178,4,4,3,0,7
2179,5,3,2,0,2
2180,4,8,2,0,6
2181,1,2,2,0,1
2182,1,8,2,0,7
2183,5,9,2,0,3
2184,1,5,1,1,6
2185,3,3,3,0,1
2186,4,5,3,1,1
2187,3,4,3,0,7
2188,5,2,2,1,3
2189,2,9,3,1,3
2190,1,6,3,1,6
2191,4,5,1,1,4
2192,3,3,3,1,7
2193,2,5,2,1,5
2194,5,10,3,0,2
2195,3,6,2,1,1
2196,3,3,1,0,1
2197,1,5,3,1,1
2198,1,8,2,1,7
2199,3,6,1,0,6
2200,3,8,3,1,4
2201,2,7,3,0,7
2202,2,4,3,1,7
2203,2,1,1,0,6
2204,3,6,1,1,7
2205,2,6,2,0,4
2206,4,4,1,0,7
2207,3,3,2,1,5
2208,4,1,1,0,1
2209,1,2,2,1,1
2210,4,4,3,0,3
2211,5,4,2,0,3
2212,5,3,1,1,1
2213,3,7,3,1,3
2214,2,9,2,1,1
2215,4,2,1,1,6
2216,5,4,2,0,1
2217,3,5,3,0,3
2218,4,3,3,1,2
2219,5,7,2,0,6
2220,2,2,2,0,7
2221,2,1,3,0,5
2222,4,9,3,1,5
2223,3,3,3,1,4
2224,3,2,2,0,4
2225,4,3,1,1,7
2226,3,1,2,1,5
2227,5,2,3,0,6
2228,5,6,3,1,5
2229,3,10,2,1,1
2230,4,5,3,0,2
2231,1,2,1,1,4
2232,5,6,2,0,2
2233,4,3,1,0,4
2234,1,4,2,0,2
2235,2,6,3,0,5
2236,3,3,1,0,4
2237,3,7,1,0,6
2238,1,8,3,0,7
2239,5,9,2,0,6
2240,3,9,2,1,3
2241,3,4,1,0,4
2242,3,6,3,1,6
2243,4,8,2,0,6
2244,3,7,3,1,7
2245,1,9,1,0,4
2246,2,4,1,1,2
2247,2,7,1,0,3
2248,4,6,2,1,4
2249,1,8,1,0,7
2250,3,1,2,1,4
2251,4,1,2,1,1
2252,5,6,3,0,4
2253,1,1,2,1,3
2254,3,4,1,1,7
2255,3,8,2,0,6
2256,3,2,1,1,1
2257,3,4,3,1,5
2258,3,9,1,1,5
2259,4,1,1,0,1
2260,5,3,1,1,1
2261,4,4,3,0,5
2262,2,10,3,0,4
2263,1,10,1,0,5
2264,1,10,3,1,5
2265,2,2,2,1,1
2266,1,9,1,1,6
2267,3,8,2,0,1
2268,5,1,3,1,6
2269,4,6,3,0,2
2270,4,3,2,0,3
2271,2,9,3,0,2
2272,5,2,2,1,3
2273,1,8,2,0,1
2274,2,2,3,1,3
2275,5,4,1,0,3
2276,2,8,3,1,7
2277,2,6,2,0,4
2278,4,6,1,0,7
2279,5,3,2,1,7
2280,4,6,1,1,2
2281,5,2,2,0,4
2282,1,6,2,0,4
2283,2,9,1,0,3
2284,1,4,2,0,2
2285,2,5,2,0,6
2286,4,5,3,1,7
2287,5,8,2,1,3
2288,3,7,3,1,3
2289,3,9,1,0,5
2290,4,4,3,0,1
2291,2,6,2,1,4
2292,3,1,2,0,2
2293,1,6,1,0,3
2294,4,6,1,1,3
2295,4,10,3,1,6
2296,2,9,2,1,3
2297,4,8,1,0,3
2298,1,3,2,0,6
2299,5,4,2,0,1
2300,4,6,2,0,5
2301,5,8,2,1,3
2302,4,3,3,0,4
2303,4,1,1,0,2
2304,4,8,3,1,4
2305,3,5,1,0,7
2306,5,5,1,1,1
2307,1,9,1,0,1
2308,2,5,1,0,3
2309,5,3,2,0,4
2310,2,3,1,0,1
2311,1,7,2,1,3
2312,4,6,1,1,4
2313,5,9,2,1,5
2314,5,9,2,1,7
2315,5,8,3,1,4
2316,5,8,1,0,3
2317,5,2,2,1,4
2318,1,10,1,1,5
2319,2,4,3,1,1
2320,1,9,3,0,2
2321,4,9,2,1,5
2322,4,9,3,1,2
2323,1,1,1,0,4
2324,3,1,3,0,1
2325,3,3,2,0,1
2326,3,3,1,1,4
2327,3,2,1,0,3
2328,2,10,2,1,4
2329,4,1,1,1,7
2330,1,1,3,1,7
2331,5,3,3,1,1
2332,3,6,1,1,5
2333,4,7,1,0,6
2334,5,8,2,1,4
2335,2,2,3,0,3
2336,3,6,2,0,3
2337,2,2,2,0,6
2338,5,4,3,1,5
2339,5,10,3,1,2
2340,1,3,1,0,5
2341,3,10,1,1,1
2342,1,3,2,0,6
2343,4,1,1,1,6
2344,3,3,1,1,6
2345,2,4,1,0,3
2346,2,5,1,1,6
2347,4,2,3,1,7
2348,4,3,1,1,7
2349,4,10,3,1,6
2350,2,10,1,0,1
2351,1,8,1,1,3
2352,5,3,1,1,1
2353,4,6,1,1,6
2354,5,7,1,0,2
2355,2,5,3,0,6
2356,3,10,2,0,5
2357,4,6,1,1,4
2358,2,8,1,1,3
2359,4,1,2,1,6
2360,5,7,3,1,2
2361,2,8,3,1,6
2362,4,8,1,1,1
2363,2,2,3,0,7
2364,5,2,2,1,6
2365,4,1,3,1,6
2366,1,1,1,0,6
2367,4,10,2,0,6
2368,3,5,2,0,4
2369,5,5,1,0,6
2370,1,4,3,1,5
2371,1,7,2,1,3
2372,5,5,3,0,6
2373,5,7,3,1,5
2374,5,8,3,1,5
2375,2,3,1,0,6
2376,5,3,1,1,5
2377,4,9,2,0,6
2378,2,8,2,1,6
2379,4,9,2,1,3
2380,4,7,2,0,1
2381,5,3,2,1,3
2382,2,1,3,0,2
2383,2,3,1,1,4
2384,3,1,2,0,2
2385,2,7,2,1,7
2386,2,6,3,0,5
2387,3,6,2,1,2
2388,1,5,3,0,6
2389,4,7,1,0,7
2390,3,8,2,1,1
2391,2,9,1,0,4
2392,1,1,1,0,3
2393,3,9,3,1,3
2394,1,8,3,0,5
2395,5,7,3,1,5
2396,2,4,3,0,2
2397,5,4,3,0,5
2398,4,7,3,0,5
2399,4,9,3,0,3
2400,5,2,2,0,5
2401,4,9,1,1,3
2402,2,3,1,1,1
2403,4,10,3,0,4
2404,5,8,1,1,2
2405,1,10,3,0,4
2406,5,5,3,1,1
2407,2,4,2,0,5
2408,5,6,1,1,4
2409,2,3,2,1,2
2410,5,2,1,1,4
2411,4,8,3,1,7
2412,5,7,2,0,6
2413,5,8,1,0,5
2414,1,6,3,1,3
2415,4,9,3,0,2
2416,1,6,1,1,3
2417,1,7,1,1,2
2418,4,2,1,0,2
2419,2,5,3,1,4
2420,2,7,2,0,5
2421,5,5,3,0,5
2422,5,7,2,0,2
2423,2,10,2,0,4
2424,2,6,2,0,3
2425,4,7,1,1,4
2426,2,7,3,1,1
2427,1,8,1,1,7
2428,2,9,3,1,5
2429,1,1,3,1,4
2430,5,3,3,1,6
2431,3,1,2,0,7
2432,3,10,1,1,5
2433,4,4,2,1,3
2434,3,4,2,1,2
2435,4,5,3,1,1
2436,1,8,2,1,4
2437,2,3,1,0,6
2438,4,5,2,0,7
2439,3,4,1,0,1
2440,2,8,1,0,4
2441,3,1,2,1,7
2442,5,8,3,1,6
2443,5,4,3,0,3
2444,1,5,2,0,7
2445,5,7,3,0,1
2446,4,9,1,0,7
2447,1,8,2,0,1
2448,1,7,3,0,3
2449,3,9,2,0,7
2450,5,3,1,1,3
2451,3,6,2,1,2
2452,2,3,1,0,3
2453,5,10,2,1,7
2454,1,4,3,1,6
2455,1,8,2,0,2
2456,1,4,3,0,3
2457,4,10,2,0,4
2458,1,6,3,1,5
2459,3,2,1,1,7
2460,2,7,1,0,7
2461,2,9,2,1,1
2462,5,2,1,1,7
2463,2,1,3,1,5
2464,5,4,3,0,1
2465,3,6,1,1,7
2466,5,10,3,1,2
2467,5,10,1,0,7
2468,2,9,2,0,3
2469,2,2,3,1,1
2470,3,7,1,0,6
2471,1,10,1,0,6
2472,4,1,2,1,6
2473,5,10,2,1,3
2474,5,9,1,1,3
2475,1,10,1,1,3
2476,3,8,1,0,4
2477,1,6,2,1,3
2478,5,8,1,1,4
2479,4,3,1,0,7
2480,1,6,2,0,5
2481,3,5,3,1,7
2482,1,6,1,0,2
2483,2,6,1,1,4
2484,3,7,2,0,7
2485,3,1,2,0,7
2486,5,6,3,1,6
2487,4,7,2,1,5
2488,5,4,2,0,5
2489,1,10,2,1,3
2490,2,8,1,0,6
2491,2,6,1,0,6
2492,5,7,1,0,1
2493,2,8,2,1,4
2494,1,5,1,1,6
2495,2,3,1,0,1
2496,5,1,1,1,6
2497,4,3,1,1,4
2498,2,9,1,0,7
2499,2,1,3,0,1
2500,3,6,1,0,4
2501,5,1,1,1,4
2502,2,4,3,0,5
2503,4,5,3,0,7
2504,3,7,2,1,5
2505,4,7,3,0,6
2506,3,9,1,0,1
2507,3,9,3,1,6
2508,2,9,1,1,4
2509,3,1,1,1,3
2510,2,9,3,1,4
2511,5,2,3,0,4
2512,4,10,3,1,5
2513,1,5,3,0,3
2514,1,5,2,1,4
2515,1,10,3,1,3
2516,1,8,1,0,1
2517,4,6,2,0,4
2518,4,7,3,1,3
2519,3,6,1,1,2
2520,4,8,2,1,3
2521,5,10,2,0,2
2522,2,5,2,0,2
2523,5,2,2,0,2
2524,4,7,2,1,5
2525,1,9,3,1,1
2526,3,7,1,0,4
2527,2,6,3,0,6
2528,3,4,1,0,6
2529,3,2,3,0,1
2530,2,6,2,0,7
2531,1,8,1,0,4
2532,5,5,2,0,3
2533,3,8,3,0,4
2534,2,3,1,0,4
2535,4,2,3,1,5
2536,2,3,2,1,6
2537,5,5,3,0,1
2538,2,6,3,1,3
2539,1,9,2,1,4
2540,3,1,2,0,5
2541,4,3,3,1,1
2542,4,6,2,1,4
2543,4,10,3,0,4
2544,1,9,1,1,3
2545,2,6,1,0,5
2546,1,10,2,1,3
2547,3,2,3,0,3
2548,1,6,1,1,2
2549,3,9,2,0,1
2550,4,2,3,1,1
2551,4,5,3,0,3
2552,3,6,1,0,4
2553,3,3,1,0,7
2554,3,7,3,0,3
2555,4,2,2,1,1
2556,3,8,1,0,4
2557,4,9,2,0,6
2558,5,2,1,1,1
2559,4,9,1,0,5
2560,1,8,1,1,4
2561,1,5,2,0,3
2562,5,6,1,1,5
2563,3,6,3,0,5
2564,4,4,2,0,7
2565,4,3,3,1,4
2566,1,9,1,1,2
2567,5,9,1,1,7
2568,5,5,3,0,7
2569,4,3,1,0,7
2570,5,10,1,1,1
2571,3,7,2,1,3
2572,1,4,1,0,4
2573,1,5,2,0,6
2574,5,10,1,0,7
2575,5,8,1,0,1
2576,1,3,2,1,2
2577,2,8,1,0,2
2578,4,4,2,1,1
2579,3,4,1,1,1
2580,3,10,1,1,4
2581,2,6,1,1,7
2582,2,3,2,1,3
2583,5,4,1,1,7
2584,2,10,2,0,7
2585,3,6,1,0,6
2586,3,10,3,1,3
2587,2,7,1,1,7
2588,1,1,3,1,2
2589,4,5,1,1,1
2590,3,4,1,1,3
2591,1,2,3,0,6
2592,2,7,2,1,3
2593,1,3,3,1,3
2594,2,7,1,0,4
2595,2,9,3,0,2
2596,2,9,2,0,3
2597,4,10,3,0,5
2598,5,6,3,1,3
2599,5,10,1,0,3
2600,1,8,2,1,3
2601,2,10,2,1,4
2602,3,7,2,1,1
2603,2,9,3,1,4
2604,2,9,1,1,4
2605,4,7,2,1,1
2606,2,2,3,0,1
2607,2,3,3,0,2
2608,2,9,2,1,7
2609,2,5,1,0,3
2610,3,9,1,1,3
2611,3,8,2,0,5
2612,4,9,1,0,3
2613,2,6,2,0,1
2614,5,4,2,0,7
2615,3,3,1,1,1
2616,4,4,3,1,7
2617,4,7,1,1,5
2618,5,10,3,0,6
2619,3,8,1,1,4
2620,3,7,1,0,5
2621,1,2,1,0,7
2622,1,3,1,0,6
2623,2,4,3,1,3
2624,1,3,1,1,5
2625,5,4,1,0,2
2626,5,6,2,0,3
2627,2,3,2,0,6
2628,2,7,3,0,1
2629,3,5,2,0,4
2630,1,6,3,0,3
2631,3,2,3,1,4
2632,5,8,2,0,7
2633,1,2,3,1,7
2634,5,2,1,0,4
2635,5,5,1,0,2
2636,4,4,2,1,7
2637,3,7,3,0,2
2638,2,7,3,0,1
2639,1,6,2,0,5
2640,4,4,1,0,6
2641,5,2,2,1,3
2642,3,3,2,1,4
2643,2,7,1,0,2
2644,3,7,2,0,6
2645,5,4,1,1,5
2646,5,2,3,1,1
2647,4,9,2,1,5
2648,4,10,3,0,6
2649,5,2,3,0,6
2650,5,5,3,1,3
2651,4,2,1,0,6
2652,1,10,3,0,1
2653,2,5,1,1,3
2654,1,8,2,1,2
2655,4,4,2,0,2
2656,2,8,1,0,5
2657,5,10,2,1,4
2658,5,7,3,1,7
2659,5,5,1,0,1
2660,4,3,1,0,6
2661,4,6,1,1,6
2662,5,5,2,0,7
2663,5,7,3,1,6
2664,3,4,1,0,3
2665,3,8,2,0,6
2666,1,4,3,0,6
2667,2,8,2,1,1
2668,5,9,3,1,5
2669,4,10,2,0,3
2670,5,5,1,1,2
2671,2,2,2,1,7
2672,3,3,3,0,2
2673,3,9,2,0,4
2674,2,1,3,0,5
2675,1,5,1,0,3
2676,1,5,3,0,3
2677,1,6,1,1,1
2678,1,4,3,1,4
2679,3,3,3,1,2
2680,4,5,1,0,2
2681,4,5,2,0,3
2682,3,4,3,0,3
2683,3,4,3,1,1
2684,3,3,2,0,5
2685,1,8,2,1,2
2686,3,4,3,1,5
2687,3,3,2,1,5
2688,2,1,3,0,5
2689,5,2,1,0,3
2690,4,7,1,1,2
2691,5,1,3,1,1
2692,2,1,3,1,5
2693,1,10,2,0,3
2694,1,6,3,0,1
2695,4,6,3,0,2
2696,1,8,1,0,6
2697,3,4,1,1,5
2698,4,1,3,1,1
2699,3,4,2,1,3
2700,5,8,1,1,2
2701,4,2,2,0,1
2702,1,6,1,0,2
2703,1,1,1,0,3
2704,4,10,2,1,4
2705,3,2,1,0,1
2706,1,6,1,1,5
2707,2,10,2,1,2
2708,2,7,3,1,2
2709,1,6,2,0,1
2710,5,10,1,0,6
2711,3,10,1,0,1
2712,3,7,3,1,2
2713,4,7,2,0,2
2714,4,5,2,0,3
2715,1,5,2,0,2
2716,5,3,1,0,3
2717,2,5,3,1,6
2718,2,10,2,0,6
2719,3,10,2,1,4
2720,4,6,3,0,6
2721,2,6,1,0,6
2722,5,8,1,1,3
2723,1,7,2,0,2
2724,2,2,2,1,1
2725,2,5,2,1,5
2726,2,1,2,1,1
2727,1,7,1,0,4
2728,1,4,3,1,5
2729,1,5,1,0,6
2730,3,3,2,1,2
2731,4,5,1,1,2
2732,1,3,2,1,6
2733,3,5,1,1,4
2734,4,9,3,1,5
2735,4,8,3,1,4
2736,4,3,2,1,6
2737,2,1,1,0,2
2738,2,3,2,0,7
2739,1,8,1,0,6
2740,4,8,1,1,1
2741,3,10,2,0,7
2742,5,6,1,1,6
2743,4,6,2,0,4
2744,1,4,3,1,5
2745,3,3,2,0,7
2746,4,9,1,0,5
2747,4,10,2,1,1
2748,3,2,1,1,4
2749,1,6,3,0,5
2750,2,3,3,1,4
2751,5,10,1,1,7
2752,1,7,3,0,2
2753,1,4,2,1,6
2754,1,2,1,0,2
2755,4,4,1,0,2
2756,5,6,3,1,6
2757,1,3,3,0,1
2758,4,3,1,0,1
2759,2,4,2,0,2
2760,2,10,3,1,1
2761,1,2,1,1,7
2762,4,4,3,1,5
2763,2,8,3,1,4
2764,4,9,1,0,4
2765,1,9,3,1,2
2766,2,10,2,1,3
2767,1,5,2,1,7
2768,5,7,2,1,3
2769,2,1,2,0,7
2770,1,7,3,0,3
2771,5,5,3,0,5
2772,5,8,1,0,2
2773,5,9,1,0,2
2774,1,1,3,1,2
2775,2,10,1,1,1
2776,5,9,1,0,6
2777,4,10,2,0,2
2778,1,6,1,1,7
2779,3,10,2,0,7
2780,3,5,1,0,4
2781,1,10,1,0,2
2782,5,5,3,1,7
2783,1,7,1,1,5
2784,2,7,1,1,7
2785,1,9,3,1,7
2786,1,7,1,0,2
2787,5,2,1,1,1
2788,3,8,3,1,1
2789,1,4,2,1,2
2790,2,7,3,1,5
2791,3,2,3,1,2
2792,3,9,1,1,1
2793,4,4,2,1,5
2794,1,2,2,1,7
2795,3,7,2,1,7
2796,4,2,1,0,6
2797,5,1,1,0,2
2798,5,2,2,1,6
2799,1,2,3,1,5
2800,1,2,1,0,3
2801,4,1,1,0,7
2802,3,4,2,1,5
2803,2,9,3,0,1
2804,3,1,3,0,7
2805,2,4,2,1,2
2806,1,7,2,1,4
2807,1,3,2,0,4
2808,5,10,1,1,5
2809,5,9,2,1,5
2810,4,2,3,0,7
2811,5,4,3,0,3
2812,4,8,3,0,3
2813,1,1,3,1,4
2814,2,1,3,0,2
2815,5,3,1,0,1
2816,1,5,3,0,3
2817,1,5,3,0,1
2818,3,5,2,1,5
2819,4,9,3,1,2
2820,3,10,2,0,3
2821,5,1,1,0,5
2822,4,7,3,0,2
2823,3,6,1,0,3
2824,1,10,2,0,6
2825,1,4,3,0,2
2826,1,8,2,1,1
2827,4,1,2,0,4
2828,4,9,3,1,7
2829,4,5,3,0,7
2830,1,10,3,1,2
2831,5,5,3,0,5
2832,1,9,2,1,5
2833,2,4,2,1,3
2834,1,6,2,1,2
2835,3,8,2,0,1
2836,2,10,2,0,6
2837,4,3,1,0,4
2838,1,5,3,1,1
2839,4,3,1,0,5
2840,1,2,2,0,6
2841,4,7,3,1,2
2842,4,3,1,1,7
2843,5,10,1,1,5
2844,3,1,2,1,1
2845,3,8,1,0,7
2846,4,6,2,1,4
2847,3,2,3,1,3
2848,4,7,2,1,1
2849,3,8,1,0,7
2850,1,3,1,1,1
2851,1,9,3,0,6
2852,3,9,3,0,7
2853,3,10,2,1,6
2854,5,3,2,0,3
2855,3,3,2,1,4
2856,1,6,1,0,2
2857,3,10,3,1,5
2858,1,9,2,0,5
2859,4,9,3,0,7
2860,1,5,1,1,2
2861,2,10,3,1,5
2862,3,4,1,0,6
2863,1,2,3,0,2
2864,5,9,3,0,1
2865,5,1,2,0,1
2866,2,8,2,1,5
2867,3,10,3,0,1
2868,3,1,2,1,3
2869,1,3,2,1,5
2870,4,1,3,0,5
2871,3,10,1,0,6
2872,4,10,3,0,3
2873,4,4,2,0,7
2874,5,10,1,0,7
2875,5,7,2,0,4
2876,2,7,3,1,1
2877,4,4,2,1,6
2878,4,2,2,1,3
2879,2,10,2,1,6
2880,2,7,3,0,3
2881,3,9,3,1,5
2882,5,2,3,1,1
2883,2,5,2,0,7
2884,4,8,1,1,1
2885,5,8,2,1,1
2886,3,7,1,1,3
2887,5,2,3,1,4
2888,5,10,3,1,7
2889,1,2,1,0,5
2890,2,9,2,0,4
2891,3,2,2,0,1
2892,1,4,2,1,2
2893,5,3,3,0,3
2894,1,5,2,0,3
2895,4,9,2,0,7
2896,3,8,1,0,4
2897,2,8,1,0,1
2898,5,10,1,0,3
2899,3,5,2,1,6
2900,5,5,1,0,7
2901,1,1,3,1,3
2902,5,7,3,1,1
2903,4,8,3,0,1
2904,4,10,1,0,6
2905,5,10,3,1,4
2906,4,7,1,1,1
2907,5,10,2,0,1
2908,1,4,3,1,4
2909,2,6,2,1,2
2910,1,1,3,0,2
2911,5,1,2,1,7
2912,5,6,2,0,1
2913,1,5,2,1,1
2914,3,7,2,0,1
2915,3,8,1,1,3
2916,4,3,1,0,2
2917,1,8,2,0,7
2918,5,4,3,0,3
2919,2,8,1,0,6
2920,2,8,3,1,6
2921,1,8,1,0,6
2922,2,3,3,1,5
2923,5,4,1,0,6
2924,4,8,2,1,4
2925,4,10,2,1,4
2926,5,6,1,0,3
2927,1,5,3,1,2
2928,4,9,3,0,4
2929,4,6,2,1,4
2930,3,9,2,1,5
2931,3,7,2,1,1
2932,5,3,2,0,4
2933,5,4,2,1,5
2934,2,10,3,1,1
2935,4,6,1,0,6
2936,5,8,1,1,1
2937,1,9,2,1,5
2938,4,4,2,0,3
2939,3,9,2,1,4
2940,3,8,2,0,5
2941,4,2,1,0,1
2942,5,9,2,0,4
2943,4,10,2,0,7
2944,4,9,3,1,4
2945,3,3,1,1,6
2946,1,6,2,1,4
2947,2,3,1,1,2
2948,3,7,2,0,5
2949,4,6,1,1,2
2950,1,3,1,1,1
2951,2,9,1,1,5
2952,1,9,3,1,6
2953,5,7,2,0,6
2954,3,7,2,0,7
2955,1,8,1,1,5
2956,2,10,2,1,1
2957,1,6,2,0,2
2958,4,5,1,0,3
2959,4,6,2,0,6
2960,5,6,3,1,5
2961,4,4,2,0,4
2962,5,4,1,0,7
2963,2,3,2,0,1
2964,2,2,3,0,1
2965,2,2,3,1,5
2966,5,1,1,1,4
2967,3,6,2,1,6
2968,4,4,2,0,2
2969,5,3,1,0,2
2970,2,2,3,0,4
2971,4,10,3,1,5
2972,5,4,2,0,5
2973,3,7,3,1,2
2974,2,10,2,1,5
2975,3,6,2,0,4
2976,1,4,2,0,6
2977,2,5,2,1,7
2978,5,9,2,1,5
2979,5,10,3,0,5
2980,1,7,2,0,5
2981,3,8,3,0,1
2982,4,3,2,1,4
2983,3,9,3,1,2
2984,3,5,2,1,2
2985,1,3,3,1,7
2986,2,1,3,0,4
2987,3,10,1,0,5
2988,5,2,3,0,2
2989,2,1,1,0,3
2990,1,3,3,1,1
2991,2,7,3,1,1
2992,3,5,1,1,6
2993,3,3,1,1,1
2994,1,9,2,1,4
2995,3,2,3,0,7
2996,1,4,1,0,6
2997,4,1,2,0,3
2998,4,9,3,1,2
2999,2,7,2,1,5
3000,3,7,2,0,1
3001,1,4,1,0,2
3002,5,6,2,0,4
3003,4,8,1,0,6
3004,3,9,2,0,1
3005,5,7,3,1,7
3006,3,10,3,1,5
3007,2,3,2,0,1
3008,2,2,1,1,3
3009,5,9,3,0,6
3010,5,3,3,0,1
3011,4,9,1,1,1
3012,2,6,2,0,6
3013,4,8,1,1,4
3014,5,3,2,1,6
3015,3,5,3,1,3
3016,5,8,1,0,2
3017,1,6,3,1,7
3018,5,8,1,0,6
3019,1,3,2,0,4
3020,3,6,3,1,2
3021,5,5,2,1,3
3022,5,4,3,0,7
3023,1,10,1,0,7
3024,3,9,3,1,5
3025,4,3,2,0,6
3026,2,8,2,0,7
3027,2,8,3,0,5
3028,2,7,2,0,1
3029,1,3,1,1,7
3030,2,9,3,0,4
3031,2,7,2,1,5
3032,4,1,2,1,5
3033,5,1,3,0,5
3034,4,5,1,0,3
3035,4,3,1,1,7
3036,1,3,1,0,7
3037,1,9,2,0,6
3038,1,1,1,0,2
3039,2,1,2,0,2
3040,2,1,3,0,5
3041,3,7,1,0,3
3042,4,7,1,1,1
3043,1,2,2,1,7
3044,5,3,2,1,7
3045,3,10,3,0,7
3046,1,8,1,0,7
3047,4,7,2,0,6
3048,4,9,3,1,4
3049,4,1,1,1,2
3050,1,7,1,0,7
3051,3,1,1,1,7
3052,3,1,2,0,2
3053,4,1,3,1,2
3054,3,2,3,1,5
3055,3,6,2,1,4
3056,5,7,2,1,4
3057,3,7,3,0,3
3058,2,9,2,0,1
3059,1,1,3,0,2
3060,4,5,1,1,5
3061,3,8,3,0,1
3062,4,4,3,0,2
3063,2,3,2,0,2
3064,4,7,1,0,7
3065,2,4,2,1,1
3066,1,6,2,0,4
3067,4,7,2,1,5
3068,4,7,1,0,6
3069,1,1,1,1,5
3070,1,2,3,1,2
3071,3,8,3,0,5
3072,2,4,2,0,3
3073,1,3,2,1,2
3074,1,6,3,1,6
3075,3,9,1,0,5
3076,4,6,2,1,4
3077,3,2,3,0,1
3078,5,4,3,0,2
3079,4,1,3,1,3
3080,3,7,3,1,1
3081,1,4,3,0,2
3082,5,6,3,1,7
3083,1,9,2,0,5
3084,2,3,2,1,3
3085,4,1,1,1,7
3086,4,4,1,1,6
3087,1,2,1,1,3
3088,2,7,1,1,3
3089,5,8,1,0,4
3090,5,4,1,0,5
3091,2,7,1,1,4
3092,3,7,3,0,4
3093,1,5,1,1,5
3094,4,1,3,1,4
3095,4,2,1,0,5
3096,5,3,1,0,4
3097,3,9,2,1,2
3098,3,9,1,0,5
3099,4,6,1,0,6
3100,4,4,1,1,5
3101,2,9,3,1,5
3102,1,9,3,1,1
3103,4,6,3,1,5
3104,4,4,2,1,6
3105,3,10,2,1,6
3106,2,3,1,1,7
3107,5,10,3,0,3
3108,3,9,1,0,1
3109,2,6,3,0,6
3110,5,8,2,1,6
3111,2,5,3,1,5
3112,1,1,3,1,7
3113,2,5,3,0,1
3114,5,3,2,0,4
3115,4,9,1,1,1
3116,4,10,3,0,2
3117,5,2,3,0,4
3118,4,2,2,1,6
3119,1,2,1,0,3
3120,1,3,1,1,7
3121,2,7,1,1,3
3122,3,8,2,0,4
3123,5,2,3,1,6
3124,5,1,1,0,1
3125,1,2,1,0,1
3126,2,2,2,0,3
3127,1,2,1,0,7
3128,5,3,1,1,6
3129,5,2,3,0,4
3130,4,3,2,1,2
3131,4,7,2,1,4
3132,1,9,3,1,4
3133,5,10,1,1,6
3134,5,4,1,1,3
3135,5,8,2,1,1
3136,5,2,2,1,6
3137,1,10,1,0,7
3138,5,4,1,0,7
3139,4,6,2,0,5
3140,4,9,3,1,5
3141,1,3,2,1,4
3142,5,10,1,1,6
3143,5,10,1,1,7
3144,4,1,3,1,6
3145,4,6,2,1,5
3146,4,6,3,1,4
3147,3,10,2,1,4
3148,4,4,3,0,1
3149,4,6,1,1,5
3150,2,4,3,0,7
3151,4,4,1,0,3
3152,4,5,3,0,6
3153,2,7,2,1,7
3154,3,8,1,1,2
3155,5,6,2,1,1
3156,3,3,1,1,2
3157,2,2,1,0,1
3158,3,9,2,0,7
3159,5,9,1,0,6
3160,2,10,3,1,3
3161,4,7,3,0,1
3162,5,9,3,0,4
3163,1,8,3,0,7
3164,5,1,2,0,2
3165,1,6,3,1,2
3166,3,5,3,0,5
3167,4,5,2,0,6
3168,5,5,3,1,4
3169,1,2,3,1,7
3170,2,5,3,1,7
3171,5,7,1,1,2
3172,4,6,3,0,5
3173,3,2,2,0,6
3174,4,8,1,1,1
3175,5,10,2,0,5
3176,4,1,1,0,2
3177,1,6,2,1,4
3178,1,2,3,0,5
3179,4,2,2,0,1
3180,3,6,3,0,6
3181,1,8,1,0,2
3182,2,2,1,0,5
3183,5,7,1,1,1
3184,2,5,2,0,7
3185,1,8,1,1,1
3186,4,5,1,1,4
3187,3,6,2,1,1
3188,2,4,1,1,3
3189,5,2,2,1,6
3190,5,2,2,1,4
3191,2,1,3,0,4
3192,2,4,3,1,6
3193,3,9,2,1,1
3194,1,8,2,1,2
3195,3,3,2,0,1
3196,5,2,2,1,2
3197,4,5,2,0,7
3198,4,7,3,1,7
3199,4,8,3,0,7
3200,2,5,1,1,7
3201,3,3,2,1,5
3202,4,5,3,0,6
3203,3,4,2,0,5
3204,1,5,1,1,6
3205,1,9,2,0,4
3206,2,10,1,1,6
3207,4,6,1,0,2
3208,4,2,1,0,3
3209,5,10,1,0,4
3210,3,4,3,1,7
3211,4,1,3,0,5
3212,2,1,2,0,5
3213,1,7,1,0,5
3214,2,4,2,0,3
3215,5,4,1,1,3
3216,4,2,1,0,6
3217,3,10,3,0,2
3218,5,4,1,0,4
3219,2,4,3,0,5
3220,2,10,1,1,3
3221,1,7,2,0,4
3222,4,7,1,1,1
3223,4,10,1,0,4
3224,2,10,1,0,2
3225,3,10,1,0,6
3226,2,6,1,0,3
3227,2,6,2,0,6
3228,5,8,3,0,6
3229,3,6,3,0,7
3230,3,1,3,1,1
3231,3,8,3,1,1
3232,4,9,1,0,1
3233,5,3,2,1,4
3234,5,3,1,1,2
3235,4,3,3,1,1
3236,2,9,2,1,6
3237,4,4,1,0,2
3238,2,3,2,0,7
3239,4,4,2,0,4
3240,5,2,1,1,3
3241,1,5,2,0,5
3242,4,9,2,1,3
3243,5,1,2,1,4
3244,3,2,2,1,3
3245,2,5,2,0,1
3246,3,8,3,1,6
3247,1,7,3,1,2
3248,3,4,1,0,6
3249,2,5,2,1,6
3250,5,4,2,1,1
3251,5,10,2,1,1
3252,5,10,2,1,3
3253,3,8,1,0,6
3254,3,8,1,1,4
3255,2,6,3,0,1
3256,4,3,1,0,3
3257,2,8,2,0,3
3258,5,5,3,1,2
3259,3,9,2,0,4
3260,1,6,1,0,1
3261,3,7,3,0,6
3262,1,9,1,0,1
3263,4,9,1,0,2
3264,1,10,1,1,2
3265,1,1,3,1,7
3266,2,4,3,1,6
3267,3,8,3,0,2
3268,1,3,2,0,5
3269,5,1,1,1,1
3270,1,1,3,0,2
3271,4,10,3,0,7
3272,3,8,3,0,3
3273,5,5,1,0,4
3274,1,4,1,0,3
3275,1,9,1,1,4
3276,1,1,1,1,7
3277,5,2,2,0,7
3278,3,1,2,1,2
3279,3,7,1,1,7
3280,5,3,3,0,5
3281,3,2,2,0,7
3282,2,3,3,1,4
3283,1,1,3,1,6
3284,3,10,2,0,1
3285,4,2,2,0,2
3286,4,5,3,1,2
3287,4,3,3,1,5
3288,1,2,1,1,5
3289,5,7,3,1,5
3290,2,5,1,0,5
3291,4,9,3,1,6
3292,4,2,2,1,6
3293,2,10,3,1,6
3294,5,10,2,1,1
3295,5,5,2,1,1
3296,1,8,1,0,6
3297,1,4,2,0,2
3298,4,4,2,0,1
3299,4,3,1,1,1
3300,3,2,2,1,5
3301,5,7,2,0,7
3302,1,5,3,0,5
3303,4,1,2,0,1
3304,3,5,1,0,1
3305,5,9,3,1,5
3306,3,10,3,0,5
3307,2,7,2,1,1
3308,4,4,1,1,6
3309,4,7,2,0,3
3310,2,2,1,1,3
3311,1,1,3,0,5
3312,5,1,1,0,1
3313,4,4,3,0,2
3314,3,5,1,0,4
3315,3,5,3,1,1
3316,5,10,3,0,6
3317,5,8,3,1,7
3318,3,2,2,0,3
3319,3,4,2,0,6
3320,2,5,2,1,5
3321,5,4,1,1,5
3322,3,1,3,0,5
3323,1,1,1,1,5
3324,3,7,3,0,5
3325,5,4,1,0,1
3326,4,8,3,0,4
3327,4,5,1,0,6
3328,1,8,2,0,3
3329,5,10,3,0,6
3330,4,5,1,0,1
3331,4,8,1,0,5
3332,1,8,3,1,3
3333,1,1,2,0,7
3334,1,9,2,1,2
3335,4,5,3,1,3
3336,3,9,1,0,1
3337,5,6,3,1,4
3338,3,5,3,0,3
3339,4,9,1,0,7
3340,4,9,3,0,1
3341,4,9,2,0,2
3342,1,2,3,1,1
3343,2,1,2,0,4
3344,4,3,1,0,3
3345,3,9,3,0,1
3346,5,2,1,1,4
3347,4,2,2,0,5
3348,1,8,3,1,3
3349,2,5,2,1,4
3350,1,1,2,0,7
3351,3,10,2,1,3
3352,4,2,1,1,3
3353,3,6,3,1,7
3354,4,10,3,1,1
3355,5,7,1,1,5
3356,5,1,1,1,1
3357,5,1,2,1,6
3358,3,5,3,1,2
3359,3,3,1,1,3
3360,2,9,3,1,7
3361,2,10,3,0,4
3362,4,7,3,1,4
3363,3,3,2,1,2
3364,1,4,1,1,4
3365,5,10,2,0,4
3366,3,9,1,0,2
3367,3,6,1,1,4
3368,5,4,2,0,3
3369,1,10,2,0,7
3370,1,10,1,0,4
3371,1,7,2,0,2
3372,5,4,2,0,4
3373,1,2,2,1,2
3374,4,6,2,0,7
3375,2,3,2,0,2
3376,3,5,1,1,7
3377,1,2,3,0,2
3378,2,3,3,0,1
3379,2,6,3,0,1
3380,3,7,2,1,1
3381,4,2,3,1,2
3382,2,2,1,1,4
3383,3,9,1,1,7
3384,4,3,3,1,3
3385,2,2,3,1,5
3386,2,4,2,1,5
3387,2,2,2,0,7
3388,5,7,2,1,5
3389,4,2,2,1,2
3390,5,4,3,0,2
3391,2,3,1,1,7
3392,5,9,1,1,1
3393,1,9,1,0,7
3394,3,6,2,1,7
3395,1,3,2,0,2
3396,1,9,3,0,6
3397,2,5,1,0,4
3398,5,2,3,1,3
3399,3,6,2,1,6
3400,4,10,3,1,2
3401,3,4,2,1,7
3402,1,2,2,0,6
3403,2,1,1,1,3
3404,4,5,1,1,3
3405,4,6,3,0,2
3406,1,1,1,0,3
3407,2,3,1,1,1
3408,4,7,2,0,2
3409,2,6,1,1,6
3410,2,2,1,0,3
3411,2,10,1,1,7
3412,1,10,3,0,6
3413,1,7,2,1,6
3414,3,3,1,0,6
3415,1,8,3,0,1
3416,1,2,1,0,1
3417,3,7,1,0,7
3418,3,3,3,0,3
3419,5,6,2,1,5
3420,4,6,1,0,2
3421,5,10,2,0,4
3422,2,3,2,0,7
3423,5,3,3,0,2
3424,3,4,1,1,3
3425,5,9,3,0,4
3426,4,10,3,1,3
3427,4,8,2,1,3
3428,2,10,2,0,5
3429,5,2,2,1,2
3430,1,3,3,1,3
3431,2,5,2,1,5
3432,1,2,2,0,6
3433,5,5,3,1,5
3434,1,9,1,0,2
3435,2,5,3,1,6
3436,5,5,2,1,7
3437,3,9,2,1,7
3438,4,10,3,1,3
3439,3,2,3,1,2
3440,1,6,2,0,5
3441,5,2,2,0,4
3442,1,8,1,0,2
3443,5,2,2,0,5
3444,2,8,2,1,6
3445,4,2,1,0,6
3446,5,6,2,1,3
3447,2,6,3,0,7
3448,2,8,1,0,7
3449,4,8,2,0,1
3450,5,8,3,0,2
3451,5,10,3,0,3
3452,4,9,2,0,1
3453,4,6,1,0,7
3454,5,2,3,0,5
3455,2,9,3,0,5
3456,2,6,1,1,2
3457,5,9,2,1,3
3458,1,6,1,1,5
3459,1,6,1,0,3
3460,4,3,2,1,4
3461,4,3,1,1,6
3462,4,3,3,1,6
3463,2,5,1,0,3
3464,3,6,2,1,1
3465,3,10,3,1,3
3466,2,1,1,1,3
3467,4,4,1,1,3
3468,3,5,2,0,1
3469,2,3,1,0,5
3470,5,9,2,0,2
3471,1,3,1,1,5
3472,2,1,3,0,1
3473,5,3,3,0,2
3474,1,3,3,1,1
3475,4,7,2,1,1
3476,4,9,1,0,5
3477,2,7,3,1,4
3478,3,1,3,0,6
3479,1,10,3,1,4
3480,2,6,3,1,5
3481,4,3,2,1,5
3482,1,2,1,0,2
3483,3,6,1,0,1
3484,2,6,1,1,6
3485,2,7,3,1,4
3486,4,10,1,1,1
3487,4,8,3,1,4
3488,3,5,1,0,6
3489,1,5,3,0,2
3490,1,2,3,1,7
3491,3,8,1,0,7
3492,3,6,2,0,2
3493,1,7,3,1,7
3494,3,6,1,0,4
3495,5,5,2,0,3
3496,5,4,3,1,1
3497,4,3,1,1,7
3498,5,10,1,0,7
3499,5,9,3,1,4
3500,5,10,3,0,1
3501,1,7,3,1,7
3502,2,9,2,1,3
3503,2,1,2,0,6
3504,2,7,1,1,7
3505,1,7,1,1,1
3506,4,3,2,1,6
3507,2,1,1,1,1
3508,2,10,2,0,4
3509,5,10,1,1,4
3510,5,9,1,0,3
3511,5,6,3,0,3
3512,5,1,3,1,7
3513,3,3,2,1,5
3514,3,1,2,0,7
3515,3,8,1,1,1
3516,5,9,2,1,7
3517,5,6,1,1,6
3518,4,10,3,0,2
3519,5,2,3,0,4
3520,5,1,3,0,4
3521,5,9,2,0,3
3522,4,7,3,0,2
3523,1,10,3,1,4
3524,5,2,2,0,3
3525,5,3,3,1,2
3526,4,7,2,1,3
3527,1,7,2,0,7
3528,4,5,2,1,7
3529,4,9,2,1,2
3530,4,2,2,1,2
3531,4,2,3,0,1
3532,4,9,2,1,2
3533,3,2,2,0,4
3534,5,8,2,1,5
3535,2,6,2,0,3
3536,2,3,2,0,1
3537,1,2,1,0,6
3538,5,9,1,0,7
3539,3,10,3,0,3
3540,1,1,1,0,6
3541,2,1,1,1,7
3542,3,8,2,0,3
3543,4,10,2,0,5
3544,3,3,1,0,2
3545,1,3,2,1,7
3546,5,3,2,1,6
3547,1,9,1,1,1
3548,5,3,2,1,4
3549,3,4,2,1,2
3550,3,5,1,1,6
3551,4,1,1,1,5
3552,1,6,3,1,4
3553,4,7,3,0,7
3554,1,8,3,0,5
3555,4,3,1,0,6
3556,1,9,3,1,1
3557,5,7,3,0,2
3558,3,5,2,0,5
3559,4,6,1,0,5
3560,1,4,3,1,4
3561,5,9,1,0,5
3562,3,5,1,0,4
3563,5,4,2,0,6
3564,4,9,3,1,5
3565,3,2,3,1,7
3566,4,10,1,1,3
3567,4,6,1,1,2
3568,4,10,1,1,6
3569,1,7,1,0,2
3570,5,3,1,0,1
3571,2,10,2,0,4
3572,4,9,1,1,4
3573,3,6,1,0,5
3574,2,3,1,0,1
3575,2,9,3,0,4
3576,5,1,1,1,7
3577,5,4,1,0,2
3578,2,8,1,0,3
3579,3,3,2,0,7
3580,4,1,3,0,5
3581,5,2,2,1,5
3582,2,3,1,0,2
3583,2,9,3,1,4
3584,4,2,3,1,1
3585,1,9,3,0,7
3586,5,7,1,0,1
3587,2,4,2,1,6
3588,2,2,2,1,6
3589,3,5,2,1,2
3590,2,8,1,0,7
3591,3,9,3,1,7
3592,3,5,1,0,6
3593,3,10,3,1,2
3594,1,4,2,1,5
3595,3,1,3,0,7
3596,4,5,1,0,6
3597,1,1,2,0,7
3598,5,4,1,1,4
3599,2,7,3,1,4
3600,3,9,2,1,4
3601,1,6,2,0,2
3602,2,6,1,0,4
3603,5,1,1,0,5
3604,5,5,3,0,3
3605,4,10,3,1,6
3606,4,7,1,0,4
3607,5,2,1,0,4
3608,5,7,1,1,5
3609,1,10,3,1,2
3610,2,5,3,0,7
3611,4,6,2,0,7
3612,4,4,2,0,1
3613,1,8,3,0,1
3614,1,8,2,1,3
3615,4,8,2,1,4
3616,2,6,1,0,4
3617,4,5,2,1,6
3618,5,10,3,0,7
3619,4,2,3,1,4
3620,4,9,3,0,2
3621,1,3,2,0,2
3622,1,1,3,0,2
3623,3,2,3,1,7
3624,1,6,3,1,7
3625,1,4,3,0,1
3626,2,9,1,0,7
3627,3,5,1,0,7
3628,2,8,3,0,1
3629,2,10,2,0,7
3630,3,9,3,0,7
3631,5,9,2,1,5
3632,5,8,1,0,6
3633,2,10,1,1,5
3634,1,10,3,0,5
3635,2,10,3,1,2
3636,5,2,3,0,4
3637,2,1,2,1,7
3638,4,9,2,0,1
3639,2,9,1,1,5
3640,1,10,2,1,4
3641,1,8,3,1,6
3642,5,9,3,1,7
3643,3,5,2,0,1
3644,5,6,1,0,1
3645,3,5,3,0,4
3646,2,6,2,1,2
3647,1,2,3,0,5
3648,4,3,2,1,2
3649,2,1,1,0,6
3650,4,3,2,1,2
3651,1,6,1,1,7
3652,2,4,1,0,6
3653,3,4,2,0,6
3654,4,7,1,0,4
3655,4,8,2,1,2
3656,4,8,2,0,6
3657,5,9,3,1,4
3658,1,6,1,1,4
3659,3,8,2,0,5
3660,4,9,1,1,6
3661,5,7,3,1,1
3662,4,5,2,0,5
3663,2,10,1,1,4
3664,2,7,1,1,2
3665,5,1,3,0,1
3666,1,1,1,1,7
3667,4,9,1,0,7
3668,5,3,3,1,2
3669,4,5,1,1,6
3670,1,4,1,0,3
3671,1,9,1,0,2
3672,5,3,1,1,7
3673,3,5,2,1,6
3674,3,5,2,1,2
3675,4,9,2,0,3
3676,3,8,3,1,7
3677,1,8,2,0,4
3678,4,9,2,1,5
3679,5,5,1,0,6
3680,4,2,1,1,4
3681,5,9,1,0,4
3682,4,2,3,0,3
3683,5,4,1,1,5
3684,4,10,1,0,2
3685,5,2,1,0,2
3686,4,4,2,0,3
3687,4,8,1,0,2
3688,4,3,1,1,7
3689,1,10,1,0,3
3690,4,3,3,1,3
3691,2,8,3,0,7
3692,5,3,3,1,1
3693,1,3,2,0,1
3694,1,5,1,0,1
3695,5,2,3,0,5
3696,1,3,2,1,5
3697,4,7,2,1,5
3698,2,1,1,0,4
3699,2,10,3,1,1
3700,5,10,1,1,3
3701,1,4,2,1,6
3702,5,5,3,0,3
3703,1,10,3,1,4
3704,5,10,1,1,7
3705,3,2,3,0,1
3706,5,5,3,1,3
3707,2,9,2,0,5
3708,3,1,2,1,5
3709,3,6,3,0,6
3710,3,1,1,0,7
3711,4,6,1,1,6
3712,5,10,2,0,2
3713,3,8,3,1,1
3714,2,3,2,0,6
3715,1,3,1,1,2
3716,3,5,2,1,3
3717,1,4,3,0,4
3718,5,6,3,0,3
3719,3,7,2,1,2
3720,2,10,2,1,6
3721,4,9,1,0,4
3722,3,2,2,0,5
3723,1,7,2,0,4
3724,4,10,2,0,5
3725,5,1,2,0,4
3726,2,3,3,0,4
3727,4,5,3,0,2
3728,4,2,2,1,3
3729,3,1,3,0,5
3730,1,10,2,1,3
3731,1,6,3,1,5
3732,3,2,3,1,5
3733,2,3,3,0,7
3734,3,7,1,0,2
3735,5,4,2,0,1
3736,4,5,3,1,2
3737,4,10,1,0,3
3738,5,5,2,0,4
3739,1,5,1,1,6
3740,1,8,2,0,1
3741,4,3,2,0,1
3742,5,5,2,1,2
3743,1,5,2,1,1
3744,2,7,2,0,5
3745,5,10,3,1,3
3746,3,9,2,0,4
3747,5,10,3,1,5
3748,5,2,2,1,5
3749,1,10,2,1,1
3750,1,10,3,1,3
3751,3,8,1,0,1
3752,4,8,3,1,3
3753,3,8,2,1,6
3754,4,1,2,0,5
3755,3,6,3,0,3
3756,5,6,2,1,7
3757,2,3,2,1,3
3758,1,2,3,1,4
3759,3,3,2,1,1
3760,1,6,2,0,4
3761,4,10,3,0,5
3762,1,6,1,1,7
3763,5,3,1,0,5
3764,3,5,2,0,7
3765,1,7,3,1,6
3766,4,1,2,1,6
3767,3,10,1,0,2
3768,4,6,2,0,5
3769,5,4,3,0,2
3770,1,5,3,0,6
3771,2,6,2,1,5
3772,2,9,3,0,6
3773,1,7,2,1,3
3774,2,5,2,1,6
3775,1,1,3,0,1
3776,2,9,1,0,1
3777,1,4,1,1,4
3778,4,2,2,0,5
3779,5,7,2,1,6
3780,5,10,1,1,2
3781,4,8,2,1,1
3782,2,10,2,0,3
3783,1,2,1,0,7
3784,5,2,2,0,3
3785,2,8,2,0,4
3786,1,10,2,1,6
3787,4,2,2,0,3
3788,2,10,1,0,5
3789,1,2,3,0,7
3790,4,1,1,1,4
3791,3,5,2,0,5
3792,2,5,3,1,3
3793,5,2,2,1,1
3794,4,9,1,0,2
3795,2,4,1,1,7
3796,2,5,3,1,4
3797,2,2,2,1,1
3798,1,4,2,1,1
3799,3,2,2,1,5
3800,4,7,3,0,2
3801,5,8,3,0,6
3802,2,8,3,1,1
3803,2,9,2,1,2
3804,3,6,2,0,1
3805,2,2,3,0,3
3806,5,10,2,0,3
3807,2,6,3,1,2
3808,1,2,3,1,3
3809,3,10,3,1,1
3810,3,10,2,1,3
3811,5,10,1,1,3
3812,2,2,1,0,1
3813,2,9,3,1,1
3814,4,2,1,1,1
3815,3,3,1,0,1
3816,1,1,2,1,5
3817,4,10,2,1,2
3818,1,1,1,1,5
3819,4,6,2,0,3
3820,3,7,3,1,7
3821,2,3,1,0,6
3822,3,5,2,0,4
3823,1,1,2,1,4
3824,2,10,3,0,5
3825,2,7,3,0,4
3826,1,7,2,1,2
3827,2,6,3,0,5
3828,5,6,1,1,3
3829,2,1,2,1,4
3830,1,1,2,0,6
3831,1,8,2,0,4
3832,2,3,2,1,2
3833,5,3,2,1,2
3834,5,4,1,1,7
3835,2,3,2,0,4
3836,2,5,3,0,4
3837,2,3,1,0,1
3838,3,7,2,1,4
3839,3,1,1,0,7
3840,5,6,3,1,1
3841,5,6,3,0,1
3842,2,10,2,0,7
3843,1,2,3,0,3
3844,3,4,1,0,3
3845,1,10,3,0,7
3846,5,10,1,1,1
3847,5,7,3,0,1
3848,5,8,2,1,6
3849,5,7,2,1,5
3850,3,3,1,1,2
3851,4,8,2,1,4
3852,3,6,3,1,7
3853,3,5,1,0,4
3854,4,6,1,0,5
3855,2,3,2,0,6
3856,4,8,2,1,2
3857,2,3,1,1,4
3858,1,10,2,0,2
3859,5,2,2,1,1
3860,3,3,3,0,6
3861,2,6,2,1,4
3862,5,4,1,0,3
3863,1,5,3,0,5
3864,4,4,2,0,7
3865,2,2,2,1,6
3866,3,4,1,1,2
3867,3,8,2,1,2
3868,1,7,2,1,5
3869,2,8,2,1,3
3870,4,10,3,0,3
3871,5,10,2,0,6
3872,1,4,3,1,7
3873,5,6,3,0,3
3874,3,3,3,0,4
3875,5,8,2,0,5
3876,1,8,2,0,3
3877,4,2,1,1,7
3878,3,6,1,0,4
3879,3,10,3,0,5
3880,5,7,3,1,1
3881,1,6,3,0,1
3882,4,2,3,1,7
3883,2,10,2,0,7
3884,1,3,2,0,6
3885,1,6,2,0,6
3886,3,3,1,1,1
3887,3,2,1,1,5
3888,4,7,3,0,3
3889,3,4,2,0,7
3890,4,9,1,0,5
3891,3,8,1,0,6
3892,2,4,1,1,6
3893,1,1,3,1,7
3894,2,3,2,1,3
3895,5,3,1,0,2
3896,1,4,2,0,3
3897,4,5,1,0,4
3898,2,2,3,0,6
3899,3,7,1,0,7
3900,1,9,3,1,7
3901,4,1,3,0,5
3902,5,8,3,0,3
3903,1,6,2,1,3
3904,5,4,1,0,2
3905,1,3,2,1,4
3906,1,10,3,1,2
3907,3,2,1,1,6
3908,1,6,2,0,4
3909,4,5,2,0,6
3910,5,7,3,0,6
3911,5,5,1,1,5
3912,1,4,1,1,3
3913,2,10,2,0,7
3914,4,3,1,1,7
3915,5,5,3,1,6
3916,5,5,2,1,1
3917,2,3,1,1,6
3918,4,7,3,0,2
3919,1,9,1,1,7
3920,4,8,1,1,2
3921,4,10,1,1,3
3922,3,6,1,0,4
3923,4,8,2,0,1
3924,1,9,1,0,4
3925,2,5,2,0,7
3926,4,2,1,1,2
3927,3,8,3,1,3
3928,2,4,2,0,3
3929,2,5,3,1,2
3930,3,9,2,0,2
3931,2,6,1,1,1
3932,2,3,2,1,3
3933,4,10,1,0,2
3934,5,5,2,0,2
3935,4,1,2,1,6
3936,4,6,1,0,2
3937,1,3,3,0,1
3938,3,1,3,0,2
3939,3,3,1,0,2
3940,5,8,3,0,5
3941,3,6,1,1,7
3942,1,1,1,0,3
3943,4,4,3,0,4
3944,4,7,3,1,6
3945,2,7,2,1,6
3946,5,5,3,0,5
3947,5,8,3,1,7
3948,1,4,3,1,3
3949,3,6,1,0,5
3950,4,8,2,0,4
3951,3,10,2,0,5
3952,2,2,3,1,1
3953,4,7,2,0,2
3954,3,3,3,0,5
3955,1,2,2,1,6
3956,1,7,3,0,3
3957,5,8,2,0,7
3958,3,5,3,0,1
3959,3,1,2,1,6
3960,3,8,2,1,1
3961,2,7,2,1,5
3962,1,8,2,0,3
3963,1,4,3,0,3
3964,3,7,1,0,2
3965,3,10,2,1,7
3966,3,2,2,0,2
3967,2,1,3,1,4
3968,4,1,2,1,4
3969,4,6,3,1,1
3970,2,5,3,0,2
3971,3,5,1,1,4
3972,4,10,2,0,5
3973,5,3,2,0,7
3974,5,2,2,0,4
3975,2,6,3,0,5
3976,1,9,1,0,7
3977,1,7,3,1,4
3978,3,5,2,1,7
3979,5,8,1,0,1
3980,4,2,3,0,1
3981,4,10,2,1,7
3982,1,9,1,1,7
3983,5,8,3,0,5
3984,4,1,3,0,3
3985,2,10,3,1,3
3986,1,6,2,0,5
3987,1,10,3,1,6
3988,5,9,3,1,6
3989,1,2,2,1,2
3990,4,2,2,0,2
3991,4,5,1,1,3
3992,1,3,1,1,7
3993,5,10,3,0,6
3994,4,1,3,0,1
3995,2,6,2,1,2
3996,1,9,3,0,1
3997,1,5,3,0,3
3998,4,1,1,0,5
3999,3,5,3,1,2
4000,4,4,1,1,1
4001,5,2,1,1,4
4002,4,1,2,0,6
4003,5,6,3,1,5
4004,1,4,2,1,6
4005,1,7,2,0,6
4006,5,3,1,1,5
4007,5,5,3,1,4
4008,5,2,3,1,3
4009,5,5,1,0,1
4010,2,4,2,1,1
4011,3,10,3,0,7
4012,4,1,3,1,2
4013,4,3,1,1,2
4014,4,5,3,0,4
4015,1,2,1,1,1
4016,3,8,1,1,2
4017,5,9,2,1,6
4018,3,5,3,1,1
4019,1,10,2,1,4
4020,1,5,2,1,5
4021,2,9,3,1,4
4022,1,2,2,1,5
4023,3,9,2,1,7
4024,4,9,3,1,2
4025,2,5,3,1,7
4026,3,4,3,0,1
4027,2,7,1,0,2
4028,4,1,1,1,1
4029,3,8,3,1,2
4030,2,7,3,0,4
4031,5,1,3,0,4
4032,1,8,1,1,3
4033,5,9,1,1,3
4034,4,2,3,0,1
4035,3,7,2,1,3
4036,4,6,2,1,2
4037,4,4,2,0,6
4038,5,2,1,0,7
4039,2,3,1,0,3
4040,2,2,1,0,4
4041,5,10,3,0,1
4042,3,9,2,0,4
4043,1,2,1,0,2
4044,3,8,3,0,6
4045,4,8,3,1,5
4046,1,2,1,0,5
4047,5,3,3,0,1
4048,1,4,1,1,1
4049,3,6,2,1,6
4050,1,9,2,0,6
4051,4,5,3,0,1
4052,2,10,1,0,2
4053,4,10,2,1,5
4054,2,9,1,1,5
4055,2,2,1,0,6
4056,1,4,1,0,7
4057,2,7,3,1,6
4058,2,7,1,1,6
4059,1,5,2,1,1
4060,5,5,2,1,1
4061,3,9,1,0,6
4062,1,1,2,1,6
4063,2,10,1,0,2
4064,1,10,2,1,6
4065,5,10,1,0,1
4066,1,1,3,0,1
4067,4,3,1,0,6
4068,2,8,2,1,5
4069,2,1,1,1,3
4070,1,1,3,0,3
4071,3,5,1,1,2
4072,4,5,1,1,5
4073,3,2,2,1,5
4074,3,8,3,1,1
4075,2,4,3,0,5
4076,2,2,1,0,3
4077,4,2,3,0,1
4078,3,4,3,1,7
4079,5,3,1,1,1
4080,1,3,2,0,3
4081,1,6,3,1,2
4082,1,1,2,0,4
4083,5,5,2,0,5
4084,4,8,2,1,1
4085,4,7,3,1,6
4086,2,10,2,0,6
4087,1,5,1,1,3
4088,5,2,1,0,6
4089,3,2,1,0,5
4090,2,6,3,0,2
4091,1,7,2,0,1
4092,4,7,3,0,7
4093,3,2,2,0,7
4094,5,9,1,0,3
4095,5,7,1,1,3
4096,4,10,1,1,7
4097,1,9,2,1,6
4098,1,8,3,0,3
4099,2,1,2,1,2
4100,1,9,2,1,3
4101,2,7,1,0,2
4102,5,5,2,0,2
4103,2,4,2,0,7
4104,2,2,1,0,4
4105,4,1,1,0,2
4106,2,6,3,0,2
4107,3,1,2,0,4
4108,3,2,3,1,4
4109,1,9,3,0,2
4110,5,7,1,1,1
4111,4,2,2,0,3
4112,3,4,3,1,5
4113,1,9,3,0,7
4114,3,6,3,1,4
4115,3,7,3,1,6
4116,2,4,1,0,3
4117,1,4,1,1,5
4118,1,9,1,1,6
4119,5,6,1,1,1
4120,4,3,3,0,3
4121,5,1,3,1,5
4122,1,10,3,1,7
4123,2,8,1,0,2
4124,1,3,3,0,6
4125,5,7,3,1,3
4126,4,9,2,0,7
4127,2,3,1,0,3
4128,2,9,3,1,7
4129,4,10,3,0,4
4130,5,6,1,0,7
4131,2,5,2,1,1
4132,5,4,3,1,5
4133,1,5,2,0,6
4134,2,1,1,1,1
4135,4,10,3,0,3
4136,1,1,2,1,7
4137,1,7,3,0,1
4138,1,9,3,0,7
4139,1,8,1,1,7
4140,5,10,2,0,2
4141,1,6,2,0,6
4142,2,10,2,1,2
4143,1,8,2,0,7
4144,5,7,1,0,6
4145,2,5,1,0,1
4146,2,6,3,0,4
4147,3,9,1,0,3
4148,1,1,1,0,5
4149,4,5,1,1,3
4150,4,9,3,1,7
4151,2,4,2,0,6
4152,5,1,3,0,7
4153,4,5,1,0,6
4154,3,10,1,1,1
4155,4,4,3,1,3
4156,4,8,3,0,4
4157,5,7,3,0,5
4158,2,1,2,1,7
4159,1,6,3,1,1
4160,3,6,3,0,6
4161,2,1,2,0,3
4162,5,5,3,0,3
4163,5,9,3,0,6
4164,4,9,2,1,3
4165,2,4,3,1,2
4166,1,5,3,0,2
4167,5,1,1,0,1
4168,5,2,3,0,2
4169,5,2,1,0,6
4170,3,1,2,1,3
4171,5,8,3,1,2
4172,1,7,1,1,5
4173,3,5,1,0,3
4174,2,5,2,1,3
4175,3,1,3,0,2
4176,5,3,3,0,4
4177,1,4,2,0,5
4178,3,9,3,0,4
4179,2,3,2,0,3
4180,4,4,2,1,3
4181,2,9,2,1,7
4182,5,7,1,1,2
4183,1,4,1,0,5
4184,2,3,1,1,1
4185,3,10,2,0,2
4186,4,5,1,0,4
4187,3,6,3,1,5
4188,2,5,2,0,2
4189,2,4,1,0,5
4190,1,9,2,1,6
4191,5,1,2,0,3
4192,2,9,3,0,4
4193,2,8,3,1,5
4194,1,10,3,1,6
4195,3,8,1,0,6
4196,2,3,2,0,4
4197,2,2,3,1,4
4198,1,4,1,1,3
4199,4,4,3,0,4
4200,1,3,2,1,3
4201,4,4,2,0,3
4202,1,6,2,1,6
4203,1,9,1,1,3
4204,5,3,1,0,5
4205,4,7,2,0,5
4206,3,2,3,1,1
4207,5,1,3,0,7
4208,4,5,2,1,3
4209,3,7,2,0,3
4210,1,8,2,0,2
4211,4,4,2,1,7
4212,2,6,1,1,1
4213,2,2,2,1,2
4214,1,8,1,0,5
4215,3,9,1,0,3
4216,2,9,2,0,2
4217,2,2,1,0,4
4218,3,6,2,1,4
4219,3,5,3,0,4
4220,4,8,1,1,2
4221,1,7,1,0,3
4222,1,3,3,1,7
4223,3,1,3,0,7
4224,5,4,2,1,3
4225,4,10,1,1,2
4226,5,6,2,0,7
4227,1,6,2,0,6
4228,4,3,2,1,7
4229,1,9,3,0,4
4230,4,1,1,0,4
4231,1,10,1,1,4
4232,4,4,1,0,1
4233,4,8,2,1,7
4234,1,5,2,1,4
4235,2,1,2,1,2
4236,2,8,3,1,5
4237,4,10,1,1,2
4238,4,7,1,1,2
4239,5,7,3,0,7
4240,4,4,1,0,4
4241,5,9,1,0,6
4242,2,9,3,0,4
4243,5,8,1,1,7
4244,4,4,3,0,1
4245,1,9,2,0,6
4246,4,3,2,1,4
4247,2,6,3,0,1
4248,3,10,2,0,3
4249,3,7,3,1,7
4250,1,1,3,1,4
4251,5,5,2,0,5
4252,2,7,3,0,4
4253,4,3,3,0,5
4254,4,10,1,1,5
4255,4,4,3,1,6
4256,4,8,2,0,5
4257,4,7,1,1,2
4258,4,4,2,0,1
4259,4,6,2,0,3
4260,1,9,2,0,6
4261,2,9,1,0,1
4262,1,8,2,0,7
4263,5,3,1,1,5
4264,1,8,2,1,1
4265,5,3,2,1,6
4266,1,7,2,1,1
4267,2,9,3,0,2
4268,5,1,1,0,2
4269,3,5,2,1,1
4270,4,6,1,1,6
4271,3,9,2,1,4
4272,2,7,2,1,7
4273,1,5,1,0,2
4274,5,3,1,1,1
4275,5,10,3,0,2
4276,4,10,1,1,4
4277,3,10,3,1,4
4278,4,5,1,1,2
4279,3,10,3,1,1
4280,4,1,3,1,3
4281,4,3,1,0,4
4282,3,7,3,1,7
4283,2,10,2,1,6
4284,5,5,2,0,5
4285,5,2,3,1,4
4286,5,1,2,0,6
4287,1,1,1,0,4
4288,5,8,2,1,4
4289,1,1,1,0,1
4290,1,4,3,1,3
4291,2,4,3,0,2
4292,2,6,2,0,2
4293,1,10,2,0,2
4294,3,6,3,1,2
4295,1,3,3,0,2
4296,3,5,3,0,5
4297,3,2,1,0,5
4298,4,6,2,1,2
4299,3,6,1,1,7
4300,4,6,2,0,4
4301,3,10,2,0,7
4302,5,3,2,0,5
4303,5,8,2,1,2
4304,1,4,3,0,3
4305,2,1,2,0,3
4306,2,3,3,1,5
4307,5,10,2,1,1
4308,5,10,1,1,5
4309,5,9,1,0,2
4310,4,2,1,1,3
4311,5,1,2,0,6
4312,1,4,3,1,3
4313,4,9,3,0,4
4314,5,9,2,1,5
4315,1,4,3,0,2
4316,4,8,3,0,3
4317,2,9,3,1,3
4318,1,9,3,1,2
4319,3,3,3,1,6
4320,1,4,3,1,6
4321,4,4,1,0,7
4322,1,5,1,1,6
4323,2,3,3,1,6
4324,5,5,3,1,1
4325,1,5,1,0,7
4326,2,1,1,1,3
4327,5,7,1,0,2
4328,3,9,2,0,5
4329,2,5,1,0,1
4330,3,8,3,1,4
4331,4,6,2,0,2
4332,3,2,3,1,1
4333,3,7,1,1,2
4334,1,3,2,0,2
4335,1,10,2,0,3
4336,4,7,1,1,3
4337,1,4,2,0,6
4338,1,1,2,1,5
4339,3,2,2,0,4
4340,2,5,1,1,5
4341,4,6,2,0,2
4342,2,7,1,0,7
4343,1,6,1,0,2
4344,5,9,1,0,5
4345,2,3,1,0,2
4346,4,1,2,1,7
4347,1,4,3,1,1
4348,4,3,3,1,2
4349,1,7,1,1,2
4350,3,6,1,0,5
4351,3,2,3,1,6
4352,2,9,3,1,3
4353,5,7,2,0,1
4354,4,1,3,0,4
4355,5,7,1,1,5
4356,4,7,2,1,6
4357,1,3,3,0,4
4358,5,6,2,0,1
4359,1,1,3,1,2
4360,1,7,1,1,4
4361,4,8,3,1,5
4362,4,2,1,1,1
4363,1,3,3,0,6
4364,5,9,1,0,3
4365,2,4,3,1,6
4366,2,5,2,1,3
4367,3,5,2,0,7
4368,5,6,2,1,5
4369,5,6,3,0,4
4370,5,1,2,0,5
4371,5,8,3,1,5
4372,5,5,2,0,4
4373,1,3,2,0,5
4374,3,10,2,0,3
4375,2,2,3,0,2
4376,1,8,2,1,2
4377,1,9,3,0,3
4378,2,1,1,0,2
4379,2,7,2,1,1
4380,3,3,3,1,5
4381,2,6,1,1,1
4382,2,8,3,0,7
4383,2,3,2,0,2
4384,2,6,3,1,7
4385,1,5,1,1,2
4386,4,5,1,0,1
4387,2,2,1,1,3
4388,3,5,3,1,1
4389,2,5,2,0,1
4390,1,7,3,0,1
4391,4,2,1,1,4
4392,5,8,1,0,5
4393,3,2,3,1,6
4394,4,1,2,0,7
4395,4,3,1,1,1
4396,2,3,3,1,1
4397,3,5,1,0,2
4398,1,8,3,1,4
4399,2,5,1,1,1
4400,3,6,2,0,1
4401,2,10,1,1,2
4402,1,3,3,1,5
4403,4,7,2,1,3
4404,4,5,2,0,4
4405,2,4,1,0,5
4406,3,9,3,0,4
4407,5,6,1,0,5
4408,5,10,1,1,7
4409,1,2,2,1,1
4410,5,8,1,0,4
4411,2,10,1,1,7
4412,4,8,3,0,1
4413,3,7,2,0,3
4414,1,9,3,0,2
4415,2,5,3,0,5
4416,4,10,2,1,6
4417,4,8,1,0,2
4418,4,3,2,0,5
4419,2,2,1,0,2
4420,3,1,2,0,5
4421,4,10,3,1,4
4422,1,6,2,0,4
4423,3,6,1,1,6
4424,4,10,2,0,4
4425,1,7,3,0,2
4426,3,4,3,0,2
4427,3,9,1,0,3
4428,4,3,1,1,3
4429,4,7,1,1,6
4430,3,1,2,0,3
4431,1,5,1,1,3
4432,4,3,2,0,7
4433,4,1,2,1,3
4434,2,1,3,0,4
4435,2,5,2,1,4
4436,1,6,3,0,1
4437,2,10,3,1,7
4438,5,4,2,1,4
4439,4,7,3,0,4
4440,4,8,1,1,7
4441,2,5,1,1,5
4442,3,2,1,1,6
4443,4,2,1,0,4
4444,1,3,2,1,4
4445,5,10,3,1,6
4446,5,2,3,1,6
4447,1,7,3,0,2
4448,4,6,2,0,6
4449,1,5,1,1,4
4450,2,3,2,1,5
4451,3,9,1,0,4
4452,2,5,2,0,4
4453,3,7,3,0,6
4454,5,7,2,0,2
4455,1,6,2,0,3
4456,2,9,1,1,5
4457,4,5,2,1,1
4458,1,7,3,1,2
4459,1,3,3,0,2
4460,4,3,2,0,4
4461,3,4,3,0,2
4462,4,9,3,1,4
4463,2,4,2,1,7
4464,2,6,3,0,2
4465,5,1,2,1,5
4466,5,7,1,1,7
4467,5,6,1,1,7
4468,1,6,1,0,3
4469,3,2,3,0,6
4470,4,7,2,0,3
4471,5,9,1,1,5
4472,2,5,1,0,3
4473,5,9,1,0,2
4474,3,8,1,0,1
4475,1,7,3,1,4
4476,1,3,3,0,5
4477,1,5,3,1,3
4478,4,10,3,0,7
4479,4,9,1,1,3
4480,5,4,2,0,6
4481,1,6,1,0,2
4482,4,7,3,1,3
4483,5,4,2,1,6
4484,3,4,1,0,3
4485,2,7,2,1,7
4486,3,7,2,0,1
4487,3,6,2,0,4
4488,1,10,2,1,6
4489,1,6,2,1,7
4490,4,7,1,0,4
4491,5,3,3,1,7
4492,1,5,3,1,2
4493,1,8,2,0,2
4494,4,10,2,0,4
4495,2,1,1,1,5
4496,5,5,2,1,7
4497,2,2,2,1,7
4498,3,7,2,1,2
4499,5,7,3,1,7
4500,3,4,3,0,6
4501,4,9,2,0,7
4502,3,6,2,1,3
4503,4,4,3,0,3
4504,4,8,3,1,6
4505,2,9,1,1,4
4506,1,4,3,0,2
4507,2,3,2,1,2
4508,5,2,2,1,7
4509,5,8,1,1,4
4510,5,8,3,1,3
4511,5,7,2,1,1
4512,5,2,3,1,3
4513,2,5,1,1,1
4514,5,10,2,1,1
4515,1,8,2,1,2
4516,3,5,1,1,1
4517,2,2,1,0,4
4518,2,7,3,1,5
4519,4,8,1,1,7
4520,5,4,1,0,7
4521,2,7,1,1,2
4522,1,10,2,0,3
4523,2,7,3,0,7
4524,2,1,1,1,4
4525,5,10,2,0,4
4526,4,2,2,1,5
4527,1,5,3,1,7
4528,1,2,1,0,6
4529,5,5,3,1,3
4530,1,7,2,1,1
4531,4,2,2,0,1
4532,4,7,2,0,5
4533,3,4,1,0,3
4534,3,6,2,1,5
4535,3,10,1,0,2
4536,2,1,1,1,7
4537,3,10,2,1,3
4538,1,5,2,0,6
4539,1,2,3,0,2
4540,3,3,1,1,6
4541,5,8,1,0,4
4542,1,5,3,1,4
4543,5,8,3,0,6
4544,5,2,2,1,2
4545,1,2,2,1,1
4546,2,4,1,1,4
4547,3,9,1,1,7
4548,3,10,3,0,6
4549,1,7,3,1,3
4550,5,2,1,1,7
4551,4,3,1,0,7
4552,1,9,2,0,6
4553,1,3,1,0,7
4554,1,6,1,1,7
4555,2,10,3,1,4
4556,5,4,2,0,6
4557,3,7,1,0,3
4558,4,5,1,1,5
4559,3,4,2,1,3
4560,1,8,2,1,4
4561,4,2,3,1,2
4562,1,4,1,0,5
4563,2,10,2,0,1
4564,5,8,2,0,1
4565,2,3,1,1,3
4566,5,1,3,1,2
4567,4,8,3,0,7
4568,3,2,3,0,5
4569,2,9,3,0,6
4570,1,10,1,1,3
4571,5,2,2,1,7
4572,2,10,1,0,1
4573,3,3,1,0,5
4574,3,10,1,1,2
4575,4,4,1,0,7
4576,5,8,2,1,7
4577,4,8,1,0,3
4578,1,3,3,1,3
4579,1,4,3,1,1
4580,1,2,3,1,7
4581,5,10,3,0,2
4582,2,5,3,0,6
4583,3,5,2,0,6
4584,4,7,1,1,5
4585,2,3,1,0,5
4586,4,7,3,1,7
4587,5,7,1,0,6
4588,5,3,2,1,6
4589,5,2,2,0,2
4590,1,2,3,1,2
4591,3,6,2,0,7
4592,3,2,3,0,1
4593,5,1,3,1,1
4594,4,9,1,1,1
4595,2,6,1,1,4
4596,2,3,2,0,1
4597,3,8,1,0,4
4598,3,10,2,0,3
4599,4,1,2,0,7
4600,4,10,1,0,6
4601,3,7,3,0,7
4602,1,8,1,0,6
4603,2,8,1,0,6
4604,4,2,2,1,1
4605,4,8,1,1,1
4606,2,3,3,1,1
4607,1,3,2,0,1
4608,1,9,1,0,5
4609,2,3,1,0,3
4610,2,2,3,0,5
4611,3,2,2,0,1
4612,1,9,3,0,2
4613,1,8,1,0,2
4614,5,8,1,1,7
4615,2,9,2,1,1
4616,2,1,2,0,7
4617,2,9,2,1,5
4618,1,10,1,0,6
4619,4,8,3,1,3
4620,2,8,2,0,5
4621,4,9,2,0,3
4622,2,10,3,0,2
4623,5,6,2,0,2
4624,1,8,3,1,3
4625,5,6,3,0,7
4626,5,6,2,1,2
4627,2,4,2,1,1
4628,2,6,3,1,7
4629,3,2,1,0,6
4630,1,8,1,0,5
4631,4,5,3,1,2
4632,1,6,3,1,3
4633,4,1,3,1,6
4634,2,6,2,1,7
4635,4,8,2,0,5
4636,5,2,3,1,7
4637,4,9,1,1,2
4638,2,5,2,0,7
4639,1,1,3,0,7
4640,4,3,1,1,3
4641,3,7,3,0,1
4642,4,9,3,0,7
4643,3,2,2,1,5
4644,1,10,1,1,1
4645,3,5,2,0,5
4646,4,5,3,0,2
4647,1,7,3,1,1
4648,5,1,1,1,6
4649,3,9,2,0,3
4650,2,5,2,1,1
4651,5,4,1,1,6
4652,3,8,1,0,7
4653,5,8,2,0,3
4654,5,10,3,0,2
4655,3,4,2,1,1
4656,2,4,1,0,6
4657,4,10,2,1,2
4658,2,4,1,1,4
4659,5,4,2,1,1
4660,4,10,2,0,6
4661,4,8,2,0,7
4662,1,5,1,1,7
4663,1,9,3,1,2
4664,4,2,3,1,6
4665,5,7,2,1,3
4666,3,6,3,0,7
4667,5,3,3,1,1
4668,2,5,2,1,5
4669,4,5,3,1,6
4670,3,5,1,1,4
4671,5,10,3,1,2
4672,3,4,1,0,4
4673,5,4,1,0,1
4674,1,9,2,0,1
4675,2,10,3,0,6
4676,1,3,1,0,7
4677,3,7,3,1,4
4678,2,4,3,1,6
4679,1,7,3,0,1
4680,5,7,1,0,7
4681,2,7,3,1,1
4682,4,10,2,0,7
4683,3,2,3,1,1
4684,3,8,2,0,3
4685,1,4,1,1,5
4686,4,5,1,1,2
4687,2,3,3,1,3
4688,4,4,1,1,4
4689,1,3,1,1,2
4690,1,8,3,0,1
4691,1,9,1,0,2
4692,1,6,1,0,2
4693,4,2,3,0,3
4694,5,2,2,1,7
4695,5,7,3,0,6
4696,3,7,1,0,2
4697,1,10,2,1,5
4698,4,7,3,1,6
4699,3,4,2,1,7
4700,3,6,3,0,5
4701,3,5,2,0,7
4702,4,4,1,0,1
4703,1,4,3,0,3
4704,4,2,2,1,7
4705,2,4,2,0,3
4706,2,1,1,0,6
4707,5,2,3,1,1
4708,1,2,1,0,5
4709,3,3,1,1,6
4710,5,2,3,1,6
4711,3,2,2,1,3
4712,4,7,3,0,4
4713,1,8,1,1,7
4714,2,8,1,1,6
4715,3,2,2,0,3
4716,2,6,2,1,4
4717,2,3,1,1,4
4718,4,7,1,0,5
4719,4,5,3,0,5
4720,1,3,2,0,5
4721,2,6,3,0,3
4722,1,5,1,1,5
4723,3,1,1,1,5
4724,5,7,2,1,1
4725,5,5,2,1,3
4726,3,10,2,1,6
4727,5,8,2,1,3
4728,4,2,1,0,3
4729,1,1,1,1,2
4730,2,10,1,1,1
4731,1,6,1,1,4
4732,2,10,3,1,2
4733,1,2,1,0,4
4734,2,3,1,1,2
4735,3,3,1,0,5
4736,2,5,1,1,4
4737,4,9,2,0,3
4738,1,4,2,0,2
4739,1,8,1,1,4
4740,1,4,2,0,5
4741,4,8,2,1,5
4742,5,6,1,1,2
4743,3,9,2,0,7
4744,3,6,3,1,1
4745,3,5,1,1,2
4746,4,1,2,0,5
4747,4,3,2,0,1
4748,5,9,2,1,6
4749,1,7,2,0,3
4750,3,3,2,0,5
4751,4,10,1,0,7
4752,4,6,3,1,5
4753,1,2,2,1,1
4754,5,9,1,1,2
4755,5,6,3,1,3
4756,3,6,1,1,6
4757,2,10,2,1,2
4758,4,1,2,1,4
4759,5,1,3,1,7
4760,4,9,1,1,1
4761,3,2,3,0,3
4762,3,1,1,1,3
4763,3,5,3,1,6
4764,1,2,2,0,5
4765,3,1,1,0,4
4766,5,4,2,0,3
4767,1,3,1,0,1
4768,3,6,2,0,6
4769,3,7,1,1,3
4770,2,5,3,0,1
4771,5,7,2,1,2
4772,3,10,1,1,4
4773,1,6,3,1,4
4774,4,4,3,0,3
4775,3,6,3,1,2
4776,4,3,1,0,1
4777,5,4,1,0,6
4778,1,1,3,0,1
4779,1,4,3,1,4
4780,2,9,1,0,4
4781,4,9,3,0,7
4782,5,7,3,1,1
4783,4,7,2,1,2
4784,2,2,2,1,1
4785,5,9,1,0,5
4786,1,3,2,0,7
4787,3,10,3,0,1
4788,3,1,2,1,2
4789,5,4,2,1,5
4790,5,10,3,1,4
4791,2,9,2,0,5
4792,3,4,2,0,3
4793,5,1,1,1,7
4794,2,6,3,1,5
4795,4,3,1,0,2
4796,2,4,1,0,1
4797,1,10,1,1,6
4798,5,7,1,0,4
4799,2,9,2,1,6
4800,3,6,2,0,3
4801,1,9,1,1,7
4802,4,2,2,0,4
4803,4,3,2,1,2
4804,4,8,2,0,7
4805,3,2,1,0,5
4806,1,1,3,0,6
4807,4,5,3,0,2
4808,3,10,2,1,7
4809,5,10,2,1,3
4810,2,6,1,1,3
4811,2,2,2,1,7
4812,5,2,1,1,7
4813,2,8,1,1,4
4814,3,7,1,0,4
4815,2,5,1,1,5
4816,5,10,1,0,1
4817,1,1,1,1,2
4818,1,2,1,1,4
4819,4,1,2,1,2
4820,3,10,2,1,5
4821,4,5,2,0,1
4822,2,9,2,1,2
4823,1,8,3,0,7
4824,4,5,3,0,1
4825,5,5,1,1,7
4826,4,9,3,0,2
4827,4,8,1,1,1
4828,4,9,2,0,6
4829,2,7,1,0,4
4830,5,5,1,1,3
4831,3,1,3,1,2
4832,2,4,1,1,1
4833,2,9,1,1,7
4834,2,10,3,1,6
4835,2,8,1,1,5
4836,4,4,2,1,3
4837,4,4,3,1,4
4838,3,8,2,1,7
4839,3,10,1,0,1
4840,1,1,1,1,2
4841,2,2,3,0,3
4842,5,6,3,0,2
4843,2,7,3,1,4
4844,1,9,3,0,2
4845,2,4,2,0,1
4846,2,10,2,0,2
4847,3,5,3,1,3
4848,4,1,1,0,4
4849,4,9,3,0,1
4850,1,4,1,1,4
4851,1,8,1,0,5
4852,1,5,1,1,2
4853,2,8,2,1,3
4854,3,5,2,0,4
4855,2,4,1,0,4
4856,3,5,3,1,4
4857,3,8,3,0,7
4858,3,10,1,1,4
4859,3,6,3,0,7
4860,4,3,3,1,3
4861,2,2,1,1,1
4862,1,8,1,1,4
4863,2,3,3,0,5
4864,3,6,1,0,5
4865,4,6,1,1,3
4866,3,2,3,0,7
4867,3,5,1,0,5
4868,3,4,3,0,6
4869,5,5,1,0,7
4870,4,10,2,0,6
4871,5,10,1,1,5
4872,5,10,2,1,6
4873,5,2,1,0,1
4874,5,8,1,1,5
4875,1,6,2,1,6
4876,5,2,2,1,1
4877,4,6,2,1,1
4878,5,9,2,1,4
4879,5,9,2,0,6
4880,4,9,1,0,2
4881,5,6,1,1,4
4882,5,5,1,0,7
4883,3,5,3,0,6
4884,3,1,2,1,1
4885,1,9,3,0,1
4886,4,8,3,1,2
4887,3,9,1,1,1
4888,3,10,2,1,4
4889,3,8,3,0,6
4890,4,10,2,1,1
4891,2,4,1,0,7
4892,3,3,3,1,5
4893,2,10,3,1,5
4894,5,6,2,0,2
4895,5,6,2,0,1
4896,1,7,3,1,3
4897,1,3,1,1,6
4898,1,3,1,1,7
4899,5,10,3,0,1
4900,2,9,1,1,6
4901,4,7,1,1,1
4902,5,7,3,0,6
4903,4,3,3,0,2
4904,3,10,3,1,2
4905,4,7,1,0,7
4906,1,10,3,1,2
4907,2,8,1,1,7
4908,2,1,2,1,4
4909,3,5,3,0,3
4910,5,8,1,0,2
4911,4,6,3,0,4
4912,3,6,3,0,5
4913,5,4,1,1,5
4914,2,10,2,0,7
4915,4,1,2,1,4
4916,2,10,2,0,4
4917,5,2,3,0,4
4918,2,8,3,0,1
4919,3,8,1,0,2
4920,5,9,3,0,2
4921,5,8,3,1,1
4922,5,8,2,0,7
4923,1,6,3,0,6
4924,3,3,2,1,2
4925,1,1,1,0,7
4926,2,2,1,0,4
4927,4,5,1,0,5
4928,2,6,3,1,2
4929,4,1,3,0,1
4930,5,2,3,0,2
4931,3,4,1,1,1
4932,3,9,3,0,1
4933,3,5,2,0,7
4934,5,3,2,1,6
4935,5,9,3,1,5
4936,3,9,1,1,3
4937,5,9,3,1,4
4938,4,5,3,0,2
4939,2,3,3,1,3
4940,2,6,1,1,4
4941,3,8,1,1,3
4942,2,7,2,1,1
4943,4,7,1,0,3
4944,3,1,1,0,4
4945,1,2,1,1,6
4946,1,9,1,0,6
4947,4,1,2,1,2
4948,1,1,3,1,5
4949,2,7,3,0,1
4950,4,9,2,1,2
4951,1,3,1,1,2
4952,1,5,1,0,5
4953,2,5,2,0,2
4954,5,6,3,1,1
4955,3,7,3,1,3
4956,2,10,2,0,6
4957,4,3,2,1,7
4958,2,8,3,0,1
4959,5,9,3,1,1
4960,4,1,2,1,4
4961,2,1,1,1,3
4962,3,6,2,0,5
4963,5,2,3,1,6
4964,4,4,2,0,7
4965,1,5,1,0,1
4966,3,1,2,0,7
4967,2,7,3,1,7
4968,3,10,1,0,4
4969,1,4,3,0,7
4970,5,5,1,1,1
4971,2,5,1,1,4
4972,1,7,3,1,6
4973,5,3,1,0,3
4974,4,2,2,1,1
4975,1,5,3,1,7
4976,2,5,1,1,2
4977,3,6,2,1,4
4978,4,4,3,1,1
4979,5,1,1,0,6
4980,1,7,1,0,3
4981,4,6,3,1,5
4982,3,10,2,1,4
4983,4,6,2,1,4
4984,4,8,2,1,4
4985,3,10,3,0,2
4986,3,9,1,1,5
4987,3,1,1,0,3
4988,2,3,1,1,6
4989,3,6,1,0,7
4990,3,5,3,0,1
4991,3,7,1,0,1
4992,3,10,3,0,3
4993,5,1,1,1,7
4994,5,2,3,0,4
4995,3,2,2,1,5
4996,1,6,3,0,5
4997,2,8,2,1,2
4998,5,8,3,0,1
4999,3,8,3,0,7
5000,3,2,1,0,4
